data_avg,data_max,data_min,data_std,epoch,step,train_acc,train_loss,valid_acc,valid_accuracy,valid_balanced_accuracy,valid_cohen_kappa,valid_f1,valid_f1_macro,valid_f1_micro,valid_f1_weighted,valid_loss
,,,,0,11546,,,0.7692041397094727,,,,0.6483126282691956,,,,0.5147913098335266
0.07757110148668289,99.72227478027344,-94.19577026367188,6.047745227813721,0,11546,0.7585757970809937,0.5336257815361023,,,,,,,,,
,,,,1,23093,,,0.7761756181716919,0.7761756181716919,0.6534334421157837,0.3527560830116272,0.6701551675796509,0.6701551675796509,0.7761756181716919,0.7548144459724426,0.5060828328132629
0.07749457657337189,107.78301239013672,-101.7284927368164,6.574900150299072,1,23093,0.7717909812927246,0.5149040222167969,,,,,,,,,
,,,,2,34640,,,0.7785139083862305,0.7785139083862305,0.6574593186378479,0.3611113429069519,0.6746351718902588,0.674635112285614,0.7785139083862305,0.7578639388084412,0.5016216039657593
0.0764864832162857,113.14863586425781,-106.87972259521484,6.992727279663086,2,34640,0.7756259441375732,0.508127748966217,,,,,,,,,
,,,,3,46187,,,0.7788819670677185,0.7788819670677185,0.6552963852882385,0.3583086431026459,0.6726595759391785,0.6726595759391785,0.7788819670677185,0.7570770978927612,0.49675053358078003
0.07536140829324722,117.35064697265625,-111.54940795898438,7.3322978019714355,3,46187,0.7778722047805786,0.5037249326705933,,,,,,,,,
,,,,4,57734,,,0.7819996476173401,0.7819996476173401,0.6646668314933777,0.3752114176750183,0.6823586821556091,0.6823586821556091,0.7819996476173401,0.7628988027572632,0.4951130449771881
0.0725243091583252,120.22254943847656,-115.42264556884766,7.602867603302002,4,57734,0.7794879078865051,0.5003515481948853,,,,,,,,,
,,,,5,69281,,,0.7812418937683105,0.7812418937683105,0.658326268196106,0.3652474880218506,0.6762123107910156,0.6762123107910156,0.7812418937683105,0.7596977353096008,0.4918661117553711
0.06857903301715851,124.2924575805664,-120.39470672607422,7.867574214935303,5,69281,0.780648946762085,0.4979396164417267,,,,,,,,,
,,,,6,80828,,,0.7847709655761719,0.7847709655761719,0.6709880232810974,0.3871137499809265,0.6889137625694275,0.6889137625694275,0.7847709655761719,0.7670904994010925,0.48900869488716125
0.061794817447662354,130.6227569580078,-127.19512939453125,8.153873443603516,6,80828,0.7824946641921997,0.4954944849014282,,,,,,,,,
,,,,7,92375,,,0.787650465965271,0.787650465965271,0.6783206462860107,0.40035128593444824,0.6962336897850037,0.6962336897850037,0.787650465965271,0.7716746926307678,0.48798730969429016
0.05603354796767235,134.15579223632812,-131.5001220703125,8.462541580200195,7,92375,0.7825921177864075,0.49451684951782227,,,,,,,,,
,,,,8,103922,,,0.7880834937095642,0.7880834937095642,0.6834760308265686,0.4077053368091583,0.7006296515464783,0.7006296515464783,0.7880834937095642,0.7738814949989319,0.4908496141433716
0.052319176495075226,133.66607666015625,-130.86447143554688,8.576695442199707,8,103922,0.7824080586433411,0.4943743050098419,,,,,,,,,
,,,,9,115469,,,0.7863081097602844,0.7863081097602844,0.6722680926322937,0.3905895948410034,0.6905652284622192,0.6905652284622192,0.7863081097602844,0.7684876918792725,0.48695069551467896
0.04527458921074867,134.3242645263672,-131.51695251464844,8.722407341003418,9,115469,0.7817179560661316,0.49527615308761597,,,,,,,,,
,,,,10,127016,,,0.777279794216156,0.777279794216156,0.6371312141418457,0.328642874956131,0.6532896161079407,0.6532896161079407,0.777279794216156,0.7471542358398438,0.4982174038887024
0.03734540939331055,132.85009765625,-129.74205017089844,8.72857666015625,10,127016,0.7811415195465088,0.49622422456741333,,,,,,,,,
,,,,11,138563,,,0.7833420038223267,0.7833420038223267,0.6627553701400757,0.37392306327819824,0.6810044050216675,0.6810044646263123,0.7833420038223267,0.762800931930542,0.4881334900856018
0.03381948545575142,132.46728515625,-129.13043212890625,8.655786514282227,11,138563,0.7803187370300293,0.4972710609436035,,,,,,,,,
,,,,12,150110,,,0.783298671245575,0.783298671245575,0.6640323400497437,0.37570759654045105,0.6821776628494263,0.6821776032447815,0.783298671245575,0.7633368372917175,0.491257905960083
0.02306988649070263,131.76174926757812,-128.95150756835938,8.621697425842285,12,150110,0.7804703116416931,0.4983266294002533,,,,,,,,,
,,,,13,161657,,,0.7818480730056763,0.7818480730056763,0.6611105799674988,0.3699451982975006,0.6790250539779663,0.6790250539779663,0.7818480730056763,0.7612693309783936,0.4918336570262909
0.01709282025694847,131.34071350097656,-128.15725708007812,8.511282920837402,13,161657,0.7793146967887878,0.4994845688343048,,,,,,,,,
,,,,14,173204,,,0.7828223705291748,0.7828223705291748,0.665923535823822,0.3778839111328125,0.6837584972381592,0.683758556842804,0.7828223705291748,0.7638879418373108,0.4909106194972992
0.017496727406978607,132.51937866210938,-129.8323974609375,8.456400871276855,14,173204,0.7794798016548157,0.5005332231521606,,,,,,,,,
,,,,15,184751,,,0.7824543118476868,0.7824543118476868,0.6580759882926941,0.36616969108581543,0.6763007044792175,0.6763007044792175,0.7824543118476868,0.7602202296257019,0.49208152294158936
0.01615779660642147,135.05116271972656,-133.0367889404297,8.418877601623535,15,184751,0.7781726121902466,0.5014720559120178,,,,,,,,,
,,,,16,196298,,,0.7867411375045776,0.7867411375045776,0.6840314269065857,0.40691062808036804,0.7005288004875183,0.7005288004875183,0.7867411375045776,0.7732711434364319,0.4910377264022827
0.02132987603545189,137.9005126953125,-135.72068786621094,8.527971267700195,16,196298,0.7789466381072998,0.5019379258155823,,,,,,,,,
,,,,17,207845,,,0.7823893427848816,0.7823893427848816,0.6643186807632446,0.3751347064971924,0.682161808013916,0.6821617484092712,0.7823893427848816,0.7629636526107788,0.49235162138938904
0.01622985675930977,138.20193481445312,-136.54396057128906,8.493494987487793,17,207845,0.7785487771034241,0.5025891065597534,,,,,,,,,
,,,,18,219392,,,0.7800727486610413,0.7800727486610413,0.6550804972648621,0.3592308759689331,0.6727570295333862,0.6727570295333862,0.7800727486610413,0.7575953006744385,0.4919407069683075
-0.003274580230936408,142.96163940429688,-141.7097930908203,8.629834175109863,18,219392,0.7780020833015442,0.5029364824295044,,,,,,,,,
,,,,19,230939,,,0.7835584878921509,0.7835584878921509,0.6684027910232544,0.38217824697494507,0.68622225522995,0.68622225522995,0.7835584878921509,0.7653398513793945,0.4903547763824463
-0.01071690022945404,146.61593627929688,-145.79067993164062,8.52397346496582,19,230939,0.7775853276252747,0.503062903881073,,,,,,,,,
,,,,20,242486,,,0.7774097323417664,0.7774097323417664,0.6474530696868896,0.3449811637401581,0.6644704937934875,0.6644704937934875,0.7774097323417664,0.752598226070404,0.49219316244125366
-0.013185321353375912,147.74505615234375,-147.24440002441406,8.527442932128906,20,242486,0.7776881456375122,0.5031989812850952,,,,,,,,,
,,,,21,254033,,,0.7843163013458252,0.7843163013458252,0.6754090785980225,0.39268410205841064,0.692548394203186,0.692548394203186,0.7843163013458252,0.7685912847518921,0.4941858649253845
-0.012733708135783672,150.78164672851562,-150.1903533935547,8.500364303588867,21,254033,0.776435136795044,0.5030940771102905,,,,,,,,,
,,,,22,265580,,,0.7865462899208069,0.7865462899208069,0.683872640132904,0.4064819812774658,0.7003235816955566,0.7003235816955566,0.7865462899208069,0.7730951905250549,0.49292322993278503
-0.02892901748418808,152.7820587158203,-152.3410186767578,8.57352066040039,22,265580,0.7776638269424438,0.5029800534248352,,,,,,,,,
,,,,23,277127,,,0.7850740551948547,0.7850740551948547,0.6794072985649109,0.3989153802394867,0.696147084236145,0.6961471438407898,0.7850740551948547,0.7705643177032471,0.49039319157600403
-0.04942980036139488,152.5677032470703,-152.66531372070312,8.590877532958984,23,277127,0.7781969904899597,0.5026758909225464,,,,,,,,,
,,,,24,288674,,,0.78425133228302,0.78425133228302,0.6768190860748291,0.3945232033729553,0.6937026381492615,0.6937026381492615,0.78425133228302,0.7690967917442322,0.500157356262207
-0.06292063742876053,154.12538146972656,-153.9549560546875,8.424233436584473,24,288674,0.7773038744926453,0.5027692914009094,,,,,,,,,
,,,,25,300221,,,0.7861132621765137,0.7861132621765137,0.6833773255348206,0.40534278750419617,0.6997548341751099,0.6997548341751099,0.7861132621765137,0.772652804851532,0.4924771189689636
-0.08867470175027847,154.7956085205078,-154.99642944335938,8.384769439697266,25,300221,0.7773146629333496,0.5025301575660706,,,,,,,,,
,,,,26,311768,,,0.7850524187088013,0.7850524187088013,0.6795403361320496,0.3990689814090729,0.6962472200393677,0.6962472796440125,0.7850524187088013,0.770601212978363,0.4928729236125946
-0.10048828274011612,155.0076141357422,-154.86810302734375,8.129615783691406,26,311768,0.7764323949813843,0.5022343397140503,,,,,,,,,
,,,,27,323315,,,0.7763704657554626,0.7763704657554626,0.6442967057228088,0.33906346559524536,0.6609728336334229,0.6609728336334229,0.7763704657554626,0.7505176663398743,0.49191275238990784
-0.11625483632087708,155.0090789794922,-155.01071166992188,7.979456424713135,27,323315,0.7771143913269043,0.5019676685333252,,,,,,,,,
,,,,28,334862,,,0.7803975343704224,0.7803975343704224,0.6615914702415466,0.36909547448158264,0.6790472269058228,0.6790472269058228,0.7803975343704224,0.7606975436210632,0.49097540974617004
-0.14650648832321167,155.39175415039062,-155.3397216796875,7.891655445098877,28,334862,0.7765325307846069,0.5016182065010071,,,,,,,,,
,,,,29,346409,,,0.7859400510787964,0.7859400510787964,0.6822718381881714,0.40369123220443726,0.698803722858429,0.698803722858429,0.7859400510787964,0.77214515209198,0.49114733934402466
-0.18752188980579376,154.25399780273438,-154.104736328125,7.7572550773620605,29,346409,0.7771522998809814,0.5012428760528564,,,,,,,,,
,,,,30,357956,,,0.7801377177238464,0.7801377177238464,0.6594401001930237,0.36570560932159424,0.6769624352455139,0.6769624352455139,0.7801377177238464,0.7596117258071899,0.4887946546077728
-0.2344975620508194,154.40638732910156,-154.2097930908203,7.747233867645264,30,357956,0.7773579955101013,0.5008581876754761,,,,,,,,,
,,,,31,369503,,,0.7749415636062622,0.7749415636062622,0.637444794178009,0.32684510946273804,0.6533213257789612,0.6533213257789612,0.7749415636062622,0.746280312538147,0.49567756056785583
-0.28397858142852783,153.3632354736328,-153.4389190673828,7.6375579833984375,31,369503,0.777241587638855,0.500730037689209,,,,,,,,,
,,,,32,381050,,,0.7872607707977295,0.7872607707977295,0.6904546022415161,0.4158083498477936,0.7057094573974609,0.7057094573974609,0.7872607707977295,0.7758434414863586,0.49247583746910095
-0.3314896523952484,152.49720764160156,-152.68296813964844,7.513334274291992,32,381050,0.7767517566680908,0.5008005499839783,,,,,,,,,
,,,,33,392597,,,0.7839698791503906,0.7839698791503906,0.6723597645759583,0.3881286382675171,0.6898277997970581,0.6898278594017029,0.7839698791503906,0.7671881318092346,0.48631155490875244
-0.3700334429740906,152.0771484375,-152.0064697265625,7.43742561340332,33,392597,0.7769547700881958,0.4999985098838806,,,,,,,,,
,,,,34,404144,,,0.7805490493774414,0.7805490493774414,0.6614985466003418,0.36912229657173157,0.6790060997009277,0.6790060997009277,0.7805490493774414,0.7607392072677612,0.4887944459915161
-0.3887856900691986,150.29446411132812,-149.74403381347656,7.228719711303711,34,404144,0.7771956324577332,0.49944883584976196,,,,,,,,,
,,,,35,415691,,,0.7727548480033875,0.7727548480033875,0.6235619783401489,0.3018217086791992,0.6367813944816589,0.6367813944816589,0.7727548480033875,0.7373901605606079,0.4936950206756592
-0.39913201332092285,151.22239685058594,-151.25479125976562,7.20083475112915,35,415691,0.7777044177055359,0.4993554651737213,,,,,,,,,
,,,,36,427238,,,0.7747467160224915,0.7747467160224915,0.6373846530914307,0.3265584409236908,0.6532266139984131,0.6532266139984131,0.7747467160224915,0.7461600303649902,0.4890587627887726
-0.41017037630081177,151.93190002441406,-151.8037872314453,7.159787178039551,36,427238,0.7779669165611267,0.49878379702568054,,,,,,,,,
,,,,37,438785,,,0.7757859230041504,0.7757859230041504,0.6434258222579956,0.3371245563030243,0.6599432826042175,0.6599432826042175,0.7757859230041504,0.7497967481613159,0.4946599304676056
-0.40248802304267883,150.9368896484375,-151.32252502441406,7.111924648284912,37,438785,0.7781834602355957,0.4987425208091736,,,,,,,,,
,,,,38,450332,,,0.7847276329994202,0.7847276329994202,0.6752484440803528,0.39292091131210327,0.6925639510154724,0.6925639510154724,0.7847276329994202,0.7687687277793884,0.48745349049568176
-0.3986378014087677,150.82455444335938,-151.32872009277344,7.054436683654785,38,450332,0.7772064208984375,0.4987565577030182,,,,,,,,,
,,,,39,461879,,,0.7837750315666199,0.7837750315666199,0.671190083026886,0.3862989544868469,0.6887472867965698,0.6887473464012146,0.7837750315666199,0.7666059136390686,0.4855802357196808
-0.3886103928089142,151.0623016357422,-152.72442626953125,7.083755970001221,39,461879,0.7777369022369385,0.49842435121536255,,,,,,,,,
,,,,40,473426,,,0.7869359850883484,0.7869359850883484,0.694669246673584,0.4207629859447479,0.7086784839630127,0.7086784243583679,0.7869359850883484,0.7770341038703918,0.4976089894771576
-0.3770243525505066,150.68670654296875,-151.96331787109375,7.041947841644287,40,473426,0.7778478264808655,0.49763691425323486,,,,,,,,,
,,,,41,484973,,,0.7818697690963745,0.7818697690963745,0.6647253632545471,0.3751550614833832,0.6823713779449463,0.6823713779449463,0.7818697690963745,0.7628522515296936,0.48539772629737854
-0.3646470904350281,150.6695098876953,-151.29212951660156,7.018046855926514,41,484973,0.7778803110122681,0.49765124917030334,,,,,,,,,
,,,,42,496520,,,0.7840131521224976,0.7840131521224976,0.6684445738792419,0.38273343443870544,0.6864095330238342,0.6864095330238342,0.7840131521224976,0.7656121253967285,0.48509669303894043
-0.351913183927536,150.80335998535156,-152.14968872070312,7.050745010375977,42,496520,0.7777450084686279,0.4976135790348053,,,,,,,,,
,,,,43,508067,,,0.7867627739906311,0.7867627739906311,0.6816793084144592,0.40383443236351013,0.6986543536186218,0.6986543536186218,0.7867627739906311,0.7724220156669617,0.48573940992355347
-0.34529033303260803,151.1211395263672,-153.11080932617188,7.05633020401001,43,508067,0.7781861424446106,0.49700701236724854,,,,,,,,,
,,,,44,519614,,,0.7865679264068604,0.7865679264068604,0.6799918413162231,0.4013703465461731,0.6972039937973022,0.6972039937973022,0.7865679264068604,0.7716739177703857,0.48640093207359314
-0.3385177552700043,152.80215454101562,-154.25929260253906,7.114963054656982,44,519614,0.7785244584083557,0.4969780445098877,,,,,,,,,
,,,,45,531161,,,0.786286473274231,0.786286473274231,0.6815733313560486,0.40315696597099304,0.6983801126480103,0.6983801126480103,0.786286473274231,0.7720966339111328,0.48538365960121155
-0.3300199508666992,152.45384216308594,-153.94984436035156,7.094353199005127,45,531161,0.7783809900283813,0.4967484176158905,,,,,,,,,
,,,,46,542708,,,0.7865462899208069,0.7865462899208069,0.6794590950012207,0.4006340503692627,0.6967580318450928,0.696757972240448,0.7865462899208069,0.7714595198631287,0.4909781515598297
-0.3196853697299957,151.91026306152344,-154.2408447265625,7.096253871917725,46,542708,0.778440535068512,0.49667882919311523,,,,,,,,,
,,,,47,554255,,,0.7863298058509827,0.7863298058509827,0.6806908249855042,0.4020339250564575,0.6976820230484009,0.6976820230484009,0.7863298058509827,0.7717943787574768,0.48489609360694885
-0.3191865384578705,151.59490966796875,-153.9541778564453,7.086732864379883,47,554255,0.778822124004364,0.49586960673332214,,,,,,,,,
,,,,48,565802,,,0.7852689027786255,0.7852689027786255,0.6770511269569397,0.39596664905548096,0.694277286529541,0.6942772269248962,0.7852689027786255,0.7697846293449402,0.48498573899269104
-0.31393393874168396,151.548583984375,-153.89205932617188,7.06019926071167,48,565802,0.7791144251823425,0.4954063296318054,,,,,,,,,
,,,,49,577349,,,0.7831687927246094,0.7831687927246094,0.6679126024246216,0.38106581568717957,0.685657262802124,0.685657262802124,0.7831687927246094,0.7649173736572266,0.4853406548500061
-0.3009933829307556,152.17845153808594,-154.68800354003906,7.09620475769043,49,577349,0.7788708209991455,0.49553433060646057,,,,,,,,,
,,,,50,588896,,,0.7845544219017029,0.7845544219017029,0.6746607422828674,0.39192822575569153,0.6920035481452942,0.6920035481452942,0.7845544219017029,0.7684378027915955,0.4845377504825592
-0.29358211159706116,151.05416870117188,-154.06492614746094,7.071224689483643,50,588896,0.7790305018424988,0.4949420392513275,,,,,,,,,
,,,,51,600443,,,0.7877587080001831,0.7877587080001831,0.6897864937782288,0.4155239760875702,0.7054208517074585,0.7054209113121033,0.7877587080001831,0.7759268283843994,0.48653486371040344
-0.2849437892436981,151.07000732421875,-153.8734893798828,7.0732879638671875,51,600443,0.7796232104301453,0.4944467842578888,,,,,,,,,
,,,,52,611990,,,0.782259464263916,0.782259464263916,0.664081335067749,0.374656081199646,0.6819041967391968,0.6819042563438416,0.782259464263916,0.762790322303772,0.4839751422405243
-0.2680300176143646,150.95376586914062,-153.57000732421875,7.067905902862549,52,611990,0.7799831628799438,0.4940086007118225,,,,,,,,,
,,,,53,623537,,,0.7874339818954468,0.7874339818954468,0.6869000196456909,0.4114364683628082,0.7030659914016724,0.7030659914016724,0.7874339818954468,0.7747204899787903,0.48498472571372986
-0.2618263065814972,150.39462280273438,-153.4107208251953,7.0609283447265625,53,623537,0.7804161906242371,0.49350544810295105,,,,,,,,,
,,,,54,635084,,,0.7711960077285767,0.7711960077285767,0.6209848523139954,0.2959723472595215,0.6335131525993347,0.6335131525993347,0.7711960077285767,0.7352068424224854,0.4918862581253052
-0.25665420293807983,150.78988647460938,-153.3740692138672,7.0672783851623535,54,635084,0.7800670862197876,0.4935561418533325,,,,,,,,,
,,,,55,646631,,,0.7841863632202148,0.7841863632202148,0.6677501201629639,0.3819473087787628,0.6858444213867188,0.6858444809913635,0.7841863632202148,0.7654176354408264,0.4823935031890869
-0.2447649985551834,148.6980438232422,-151.92837524414062,7.019022464752197,55,646631,0.7799885869026184,0.49310633540153503,,,,,,,,,
,,,,56,658178,,,0.7845760583877563,0.7845760583877563,0.7082331776618958,0.43455249071121216,0.7167798280715942,0.7167797684669495,0.7845760583877563,0.7795119285583496,0.5066539645195007
-0.23777008056640625,149.16725158691406,-152.1721954345703,7.039771556854248,56,658178,0.7807192802429199,0.49214968085289,,,,,,,,,
,,,,57,669725,,,0.7887762784957886,0.7887762784957886,0.6967743635177612,0.4255058169364929,0.7110438942909241,0.7110438942909241,0.7887762784957886,0.7788926362991333,0.48925286531448364
-0.23134253919124603,147.74285888671875,-151.0076904296875,7.005146026611328,57,669725,0.7814581394195557,0.49184876680374146,,,,,,,,,
,,,,58,681272,,,0.7875205874443054,0.7875205874443054,0.6821269392967224,0.4052848219871521,0.6993169784545898,0.6993169784545898,0.7875205874443054,0.7730432748794556,0.4811694324016571
-0.2290712147951126,145.10275268554688,-148.7321319580078,6.931236743927002,58,681272,0.7811360955238342,0.49146974086761475,,,,,,,,,
,,,,59,692819,,,0.7874556183815002,0.7874556183815002,0.6784577369689941,0.4003155827522278,0.6962746381759644,0.6962746977806091,0.7874556183815002,0.7716132402420044,0.47965362668037415
-0.223739892244339,143.45614624023438,-146.98379516601562,6.86994743347168,59,692819,0.7817369103431702,0.49075618386268616,,,,,,,,,
,,,,60,704366,,,0.7845977544784546,0.7845977544784546,0.6637184023857117,0.3766690194606781,0.682279109954834,0.682279109954834,0.7845977544784546,0.7639044523239136,0.48004162311553955
-0.21587684750556946,141.50965881347656,-145.73927307128906,6.823863506317139,60,704366,0.7826083302497864,0.4896447956562042,,,,,,,,,
,,,,61,715913,,,0.7882567048072815,0.7882567048072815,0.6819679737091064,0.4059109389781952,0.6994794607162476,0.6994794011116028,0.7882567048072815,0.7734251022338867,0.4797295033931732
-0.20868468284606934,139.8622283935547,-143.69265747070312,6.759261131286621,61,715913,0.7828059196472168,0.489509642124176,,,,,,,,,
,,,,62,727460,,,0.7874772548675537,0.7874772548675537,0.6738125681877136,0.39402538537979126,0.6923225522041321,0.6923225522041321,0.7874772548675537,0.7697843909263611,0.47926393151283264
-0.20052124559879303,137.55271911621094,-141.927490234375,6.702367782592773,62,727460,0.783022403717041,0.48850521445274353,,,,,,,,,
,,,,63,739007,,,0.7861998677253723,0.7861998677253723,0.6663499474525452,0.3821814954280853,0.685212254524231,0.685212254524231,0.7861998677253723,0.7659297585487366,0.47912654280662537
-0.19189617037773132,134.79721069335938,-138.8037872314453,6.605018615722656,63,739007,0.783552885055542,0.4881185293197632,,,,,,,,,
,,,,64,750554,,,0.7906599044799805,0.7906599044799805,0.6926465630531311,0.42251574993133545,0.7088547945022583,0.7088547348976135,0.7906599044799805,0.7787214517593384,0.48024818301200867
-0.18493440747261047,130.61245727539062,-134.66464233398438,6.449896812438965,64,750554,0.7841374278068542,0.4873131811618805,,,,,,,,,
,,,,65,762101,,,0.7895557284355164,0.7895557284355164,0.6841689944267273,0.4103016257286072,0.7017809152603149,0.7017809152603149,0.7895557284355164,0.7750258445739746,0.47746866941452026
-0.17987869679927826,125.56291961669922,-129.83534240722656,6.271395683288574,65,762101,0.7841347455978394,0.4869545102119446,,,,,,,,,
,,,,66,773648,,,0.7884948253631592,0.7884948253631592,0.6748828887939453,0.39664018154144287,0.69361412525177,0.69361412525177,0.7884948253631592,0.770801842212677,0.47650620341300964
-0.1759733110666275,122.10360717773438,-125.99156188964844,6.1230244636535645,66,773648,0.7846164703369141,0.4862430989742279,,,,,,,,,
,,,,67,785195,,,0.7882999777793884,0.7882999777793884,0.6717406511306763,0.39208984375,0.6907837390899658,0.6907837390899658,0.7882999777793884,0.7693967819213867,0.4773183763027191
-0.17252899706363678,117.9705810546875,-121.96510314941406,5.957862377166748,67,785195,0.7848329544067383,0.485863596200943,,,,,,,,,
,,,,68,796742,,,0.7913310527801514,0.7913310527801514,0.6980891823768616,0.43011474609375,0.7131773829460144,0.7131773829460144,0.7913310527801514,0.7809581160545349,0.4852406978607178
-0.1671658307313919,116.1242904663086,-119.71387481689453,5.871766090393066,68,796742,0.784862756729126,0.4848921000957489,,,,,,,,,
,,,,69,808289,,,0.7814800143241882,0.7814800143241882,0.6448798179626465,0.34517326951026917,0.6625389456748962,0.6625389456748962,0.7814800143241882,0.7532379627227783,0.4826628267765045
-0.16154976189136505,114.11244201660156,-117.67894744873047,5.79408073425293,69,808289,0.7856800556182861,0.4840340316295624,,,,,,,,,
,,,,70,819836,,,0.7917424440383911,0.7917424440383911,0.6848852038383484,0.41377246379852295,0.7032443284988403,0.7032442688941956,0.7917424440383911,0.7766097187995911,0.476453959941864
-0.1581755131483078,111.80425262451172,-115.32483673095703,5.685302734375,70,819836,0.7859534025192261,0.483386367559433,,,,,,,,,
,,,,71,831383,,,0.7890360951423645,0.7890360951423645,0.674614429473877,0.3968857526779175,0.6935733556747437,0.6935733556747437,0.7890360951423645,0.7710025906562805,0.47466862201690674
-0.15333721041679382,110.14366912841797,-113.52452087402344,5.598254203796387,71,831383,0.7862105369567871,0.4831492602825165,,,,,,,,,
,,,,72,842930,,,0.7902485728263855,0.7902485728263855,0.6758928298950195,0.4000156819820404,0.6951202750205994,0.6951202750205994,0.7902485728263855,0.7722184062004089,0.47728273272514343
-0.14660371840000153,107.90406799316406,-111.52750396728516,5.510210037231445,72,842930,0.7860129475593567,0.4825914204120636,,,,,,,,,
,,,,73,854477,,,0.7895990014076233,0.7895990014076233,0.6723389625549316,0.3943883180618286,0.6917600631713867,0.6917600631713867,0.7895990014076233,0.7703786492347717,0.47465845942497253
-0.13894076645374298,107.23379516601562,-110.5389175415039,5.455158710479736,73,854477,0.7863242030143738,0.48175013065338135,,,,,,,,,
,,,,74,866024,,,0.7909629940986633,0.7909629940986633,0.6863458752632141,0.4147755205631256,0.7041000127792358,0.7041000127792358,0.7909629940986633,0.7766796350479126,0.4741523861885071
-0.13307027518749237,106.07151794433594,-109.2803726196289,5.402059078216553,74,866024,0.7869601845741272,0.48127350211143494,,,,,,,,,
,,,,75,877571,,,0.7915692329406738,0.7915692329406738,0.6858262419700623,0.4148026406764984,0.7039334774017334,0.7039334774017334,0.7915692329406738,0.7768557667732239,0.47567254304885864
-0.1250963658094406,106.09705352783203,-109.1622543334961,5.390792369842529,75,877571,0.7877693772315979,0.48059821128845215,,,,,,,,,
,,,,76,889118,,,0.7884515523910522,0.7884515523910522,0.6706861257553101,0.39079323410987854,0.6898905038833618,0.6898905038833618,0.7884515523910522,0.7690376043319702,0.47441041469573975
-0.11780181527137756,105.16081237792969,-108.51310729980469,5.356632709503174,76,889118,0.7880021333694458,0.48026585578918457,,,,,,,,,
,,,,77,900665,,,0.7907248735427856,0.7907248735427856,0.6798205375671387,0.40587565302848816,0.6986581087112427,0.6986581087112427,0.7907248735427856,0.7740641236305237,0.4733274281024933
-0.10915101319551468,103.94425201416016,-107.34700012207031,5.311838626861572,77,900665,0.7875745296478271,0.4797340929508209,,,,,,,,,
,,,,78,912212,,,0.7913960218429565,0.7913960218429565,0.6834878921508789,0.4115309417247772,0.7019661664962769,0.7019661664962769,0.7913960218429565,0.775875449180603,0.4730536937713623
-0.10254047065973282,103.63307189941406,-106.63858795166016,5.283812999725342,78,912212,0.788094162940979,0.47916528582572937,,,,,,,,,
,,,,79,923759,,,0.7903568148612976,0.7903568148612976,0.6793206334114075,0.4047810435295105,0.6980968713760376,0.6980969309806824,0.7903568148612976,0.7736522555351257,0.4726644456386566
-0.09697851538658142,103.1939926147461,-106.03427124023438,5.243637561798096,79,923759,0.7890008091926575,0.4782976508140564,,,,,,,,,
,,,,80,935306,,,0.7912011742591858,0.7912011742591858,0.6807894706726074,0.4077223241329193,0.6996543407440186,0.6996543407440186,0.7912011742591858,0.7747227549552917,0.4732359051704407
-0.09046712517738342,103.16091918945312,-105.98843383789062,5.245919704437256,80,935306,0.7885677814483643,0.47796761989593506,,,,,,,,,
,,,,81,946853,,,0.792998194694519,0.792998194694519,0.6922589540481567,0.4247666597366333,0.709589958190918,0.7095898985862732,0.792998194694519,0.7800487279891968,0.47373536229133606
-0.08607620745897293,103.015869140625,-105.96351623535156,5.230907440185547,81,946853,0.7889223098754883,0.47745269536972046,,,,,,,,,
,,,,82,958400,,,0.7911579012870789,0.7911579012870789,0.6792309880256653,0.4055832326412201,0.6983233690261841,0.6983233690261841,0.7911579012870789,0.7740852236747742,0.4720900058746338
-0.08087220788002014,103.1426773071289,-106.15470123291016,5.221455097198486,82,958400,0.7889547944068909,0.4769512116909027,,,,,,,,,
,,,,83,969947,,,0.7913527488708496,0.7913527488708496,0.6831622123718262,0.4110505282878876,0.7016817927360535,0.7016817927360535,0.7913527488708496,0.7757259011268616,0.4717552959918976
-0.07547412812709808,102.89407348632812,-105.78630828857422,5.2206244468688965,83,969947,0.7892714142799377,0.47650468349456787,,,,,,,,,
,,,,84,981494,,,0.7911579012870789,0.7911579012870789,0.6770612001419067,0.40265026688575745,0.6964633464813232,0.6964633464813232,0.7911579012870789,0.7732158899307251,0.47192469239234924
-0.07171539962291718,102.47389221191406,-105.53538513183594,5.2035017013549805,84,981494,0.7892552018165588,0.47623106837272644,,,,,,,,,
,,,,85,993041,,,0.7926517724990845,0.7926517724990845,0.6876562833786011,0.41845014691352844,0.7058448791503906,0.7058449387550354,0.7926517724990845,0.7781868577003479,0.4718087315559387
-0.06828401982784271,102.82965850830078,-105.6708755493164,5.206226348876953,85,993041,0.7898857593536377,0.4755710959434509,,,,,,,,,
,,,,86,1004588,,,0.7915042638778687,0.7915042638778687,0.6818364858627319,0.40946871042251587,0.7006456255912781,0.7006456255912781,0.7915042638778687,0.775307834148407,0.4715229272842407
-0.06592284142971039,102.50395202636719,-105.49144744873047,5.191274166107178,86,1004588,0.7899209260940552,0.4750593602657318,,,,,,,,,
,,,,87,1016135,,,0.7920672297477722,0.7920672297477722,0.6804487109184265,0.4082704484462738,0.6996994018554688,0.6996994018554688,0.7920672297477722,0.7750980257987976,0.47144874930381775
-0.06312563270330429,102.43560028076172,-105.50592041015625,5.190730571746826,87,1016135,0.7903918623924255,0.4750111699104309,,,,,,,,,
,,,,88,1027682,,,0.7913960218429565,0.7913960218429565,0.6773977279663086,0.4033816456794739,0.6968414783477783,0.6968414783477783,0.7913960218429565,0.7734894752502441,0.4721193015575409
-0.06122240424156189,102.31094360351562,-105.3885269165039,5.183265209197998,88,1027682,0.7907328605651855,0.4744139611721039,,,,,,,,,
,,,,89,1039229,,,0.7918940186500549,0.7918940186500549,0.6808226108551025,0.4085693955421448,0.6999483108520508,0.6999483108520508,0.7918940186500549,0.7751432657241821,0.47150719165802
-0.05920187756419182,102.0451889038086,-105.03756713867188,5.176647186279297,89,1039229,0.7906597852706909,0.47421881556510925,,,,,,,,,
,,,,90,1050776,,,0.792998194694519,0.792998194694519,0.6903850436210632,0.42237523198127747,0.7081412076950073,0.7081412076950073,0.792998194694519,0.7793862819671631,0.47154825925827026
-0.057443417608737946,101.99853515625,-104.87963104248047,5.170741558074951,90,1050776,0.7909114956855774,0.47363364696502686,,,,,,,,,
,,,,91,1062323,,,0.7923919558525085,0.7923919558525085,0.684592604637146,0.4141460657119751,0.7032683491706848,0.7032683491706848,0.7923919558525085,0.7768896222114563,0.47100645303726196
-0.05595475807785988,102.2043228149414,-105.31031799316406,5.1713175773620605,91,1062323,0.7907734513282776,0.47338470816612244,,,,,,,,,
,,,,92,1073870,,,0.79278165102005,0.79278165102005,0.6854280233383179,0.4156983196735382,0.7041062116622925,0.7041062116622925,0.79278165102005,0.7774384021759033,0.47104087471961975
-0.055181413888931274,102.21637725830078,-105.08196258544922,5.172464847564697,92,1073870,0.7909547686576843,0.47333186864852905,,,,,,,,,
,,,,93,1085417,,,0.7926084995269775,0.7926084995269775,0.6837800741195679,0.4133290648460388,0.7026888132095337,0.7026888132095337,0.7926084995269775,0.7767103314399719,0.47092965245246887
-0.05444579944014549,102.05387115478516,-104.83695983886719,5.17278528213501,93,1085417,0.7908356785774231,0.473145067691803,,,,,,,,,
,,,,94,1096964,,,0.7924352884292603,0.7924352884292603,0.6801842451095581,0.40834420919418335,0.6996155977249146,0.6996155977249146,0.7924352884292603,0.7752089500427246,0.4712025821208954
-0.05387722700834274,102.1309585571289,-105.01728820800781,5.172111988067627,94,1096964,0.791339099407196,0.4725954234600067,,,,,,,,,
,,,,95,1108511,,,0.7926950454711914,0.7926950454711914,0.6825329065322876,0.4117799997329712,0.7016903162002563,0.7016903162002563,0.7926950454711914,0.7762820720672607,0.4709715247154236
-0.053507085889577866,102.23737335205078,-105.08676147460938,5.176213264465332,95,1108511,0.7912091612815857,0.47276192903518677,,,,,,,,,
,,,,96,1120058,,,0.7931064367294312,0.7931064367294312,0.6842214465141296,0.41449418663978577,0.7032507061958313,0.7032507061958313,0.7931064367294312,0.7771759033203125,0.47087615728378296
-0.0532633475959301,102.24021911621094,-105.28836822509766,5.176037788391113,96,1120058,0.7915961742401123,0.47252902388572693,,,,,,,,,
,,,,97,1131605,,,0.7929115891456604,0.7929115891456604,0.6847530603408813,0.41496509313583374,0.7036086320877075,0.7036085724830627,0.7929115891456604,0.7772616147994995,0.4708680510520935
-0.05312574654817581,102.09092712402344,-105.06098175048828,5.1726813316345215,97,1131605,0.7914554476737976,0.4723995327949524,,,,,,,,,
,,,,98,1143152,,,0.7927383780479431,0.7927383780479431,0.6835243105888367,0.4131432771682739,0.7025295495986938,0.7025295495986938,0.7927383780479431,0.7766898274421692,0.47088077664375305
-0.053063906729221344,102.1163330078125,-105.13648223876953,5.1751627922058105,98,1143152,0.7911631464958191,0.47196507453918457,,,,,,,,,
,,,,99,1154699,,,0.7927167415618896,0.7927167415618896,0.6837313175201416,0.4133913218975067,0.7026917338371277,0.7026917338371277,0.7927167415618896,0.776756227016449,0.47087615728378296
-0.05304950848221779,101.91300964355469,-105.03472900390625,5.175055027008057,99,1154699,0.7912037372589111,0.4727766513824463,,,,,,,,,
