criterion,splitter,max_features,max_depth,min_samples_split,min_samples_leaf,max_leaf_nodes,min_impurity_decrease,ccp_alpha,fitness_score,generation
gini,random,sqrt,23,6,3,100,0.16906156481007623,0.07816214049955372,0.5955087166354771,0
entropy,best,sqrt,6,8,8,25,0.18838320656123342,0.21565617390957498,0.5955087166354771,0
gini,best,log2,18,9,3,18,0.050050413760221846,0.05024912807999565,0.6389737023539841,0
gini,random,log2,2,9,2,62,0.1712126796463676,0.24190027760209676,0.5955087166354771,0
entropy,best,log2,20,13,3,77,0.2818347323206031,0.49740640143206083,0.5955087166354771,0
entropy,best,log2,15,8,1,20,0.21922908279747122,0.4662376883738398,0.5955087166354771,0
gini,best,log2,6,11,10,47,0.45420842934787053,0.3853986081462788,0.5955087166354771,0
gini,random,sqrt,22,6,5,100,0.3736955504452259,0.4183123379423128,0.5955087166354771,0
entropy,random,,10,12,9,71,0.31963067433354414,0.4215288569291901,0.5955087166354771,0
entropy,random,log2,25,2,7,86,0.23768253814817197,0.2388796215808725,0.5955087166354771,0
gini,random,log2,18,2,7,86,0.23768253814817197,0.2388796215808725,0.5955087166354771,1
entropy,random,log2,25,9,3,21,0.050050413760221846,0.05024912807999565,0.779434649857185,1
entropy,best,log2,18,9,3,84,0.23768253814817197,0.2388796215808725,0.5955087166354771,1
entropy,random,log2,25,2,7,8,0.09568309595224266,0.030459793757277368,0.779434649857185,1
gini,best,log2,18,9,3,86,0.23768253814817197,0.2388796215808725,0.5955087166354771,1
entropy,random,log2,25,2,7,18,0.050050413760221846,0.05024912807999565,0.779434649857185,1
gini,best,sqrt,18,2,7,86,0.24526512132612252,0.2388796215808725,0.5955087166354771,1
entropy,random,log2,25,9,3,28,0.050050413760221846,0.05024912807999565,0.779434649857185,1
entropy,best,log2,25,9,3,18,0.050050413760221846,0.05024912807999565,0.6643258150300404,2
entropy,random,sqrt,25,4,7,28,0.050050413760221846,0.06947246962955314,0.6643258150300404,2
entropy,random,log2,25,9,3,33,0.050050413760221846,0.05024912807999565,0.779434649857185,2
gini,random,,27,2,7,18,0.050050413760221846,0.05024912807999565,0.779434649857185,2
entropy,random,log2,25,2,7,18,0.050050413760221846,0.058419806249818955,0.779434649857185,2
gini,random,log2,25,9,3,29,0.050050413760221846,0.05024912807999565,0.779434649857185,2
entropy,random,log2,25,9,3,18,0.050050413760221846,0.1109577029655249,0.779434649857185,2
entropy,random,log2,25,4,6,36,0.050050413760221846,0.0322876916401727,0.779434649857185,2
entropy,best,log2,25,7,3,10,0.050050413760221846,0.1109577029655249,0.5955087166354771,3
entropy,random,log2,25,2,6,36,0.050050413760221846,0.0322876916401727,0.779434649857185,3
entropy,random,log2,25,4,5,15,0.050050413760221846,0.1109577029655249,0.779434649857185,3
entropy,random,log2,27,11,3,36,0.050050413760221846,0.09934001323522743,0.779434649857185,3
entropy,random,log2,25,4,6,18,0.050050413760221846,0.1109577029655249,0.779434649857185,3
entropy,best,log2,25,9,3,38,0.050050413760221846,0.0322876916401727,0.6643258150300404,3
entropy,random,log2,24,6,6,18,0.050050413760221846,0.014219459097745843,0.779434649857185,3
entropy,random,,25,7,3,36,0.05113385483201572,0.0322876916401727,0.779434649857185,3
entropy,random,,24,6,6,18,0.050050413760221846,0.014219459097745843,0.779434649857185,4
entropy,random,log2,25,7,3,36,0.05113385483201572,0.04118175684213435,0.779434649857185,4
entropy,best,,25,7,6,17,0.024334302045778376,0.014219459097745843,0.7963853048360091,4
gini,random,log2,24,6,3,36,0.0627243750890181,0.0,0.779434649857185,4
entropy,random,,25,7,3,18,0.050050413760221846,0.014219459097745843,0.779434649857185,4
entropy,random,,24,6,6,27,0.05113385483201572,0.0322876916401727,0.779434649857185,4
gini,random,,24,4,6,18,0.050050413760221846,0.014219459097745843,0.779434649857185,4
entropy,random,log2,28,7,4,36,0.05113385483201572,0.0322876916401727,0.779434649857185,4
entropy,random,log2,28,7,3,31,0.0666343662243236,0.0322876916401727,0.779434649857185,5
gini,best,,25,7,6,17,0.10649081283022058,0.014219459097745843,0.779434649857185,5
entropy,best,,25,7,4,36,0.09821140473282347,0.0322876916401727,0.779434649857185,5
gini,random,,28,7,6,17,0.024334302045778376,0.014219459097745843,0.779434649857185,5
entropy,best,,25,6,6,36,0.0,0.0,0.7935093075938146,5
entropy,random,log2,28,7,4,9,0.024334302045778376,0.014219459097745843,0.779434649857185,5
gini,best,,25,7,6,17,0.06229042556632278,0.08250355581007304,0.779434649857185,5
entropy,random,log2,28,7,4,36,0.05113385483201572,0.014219459097745843,0.779434649857185,5
entropy,best,,27,7,6,17,0.09057286265445197,0.0,0.779434649857185,6
entropy,best,,25,4,5,36,0.0,0.014219459097745843,0.7962966610853935,6
entropy,best,,25,7,6,21,0.024334302045778376,0.0,0.7963853048360091,6
gini,random,,25,6,6,35,0.0,0.035836927385288264,0.779434649857185,6
entropy,best,,25,7,6,17,0.024334302045778376,0.004050078473627735,0.7963853048360091,6
entropy,best,,25,6,5,28,0.0,0.014219459097745843,0.7962966610853935,6
entropy,best,log2,24,6,6,36,0.0,0.0,0.7696148921501035,6
entropy,best,,23,7,6,17,0.024334302045778376,0.014219459097745843,0.7963853048360091,6
entropy,best,,25,7,6,20,0.05424673308483638,0.004050078473627735,0.7907613513247316,7
entropy,best,,23,6,6,19,0.024334302045778376,0.014219459097745843,0.7963853048360091,7
entropy,best,,25,7,6,12,0.024334302045778376,0.004050078473627735,0.7963853048360091,7
gini,best,log2,23,8,6,17,0.024334302045778376,0.014219459097745843,0.6643258150300404,7
entropy,best,sqrt,23,8,5,17,0.024334302045778376,0.004050078473627735,0.6643258150300404,7
entropy,best,,25,7,6,17,0.024334302045778376,0.06445895590241962,0.7907613513247316,7
entropy,best,,23,7,6,17,0.024334302045778376,0.004050078473627735,0.7963853048360091,7
entropy,best,,25,7,6,17,0.06907072757326566,0.014219459097745843,0.7907613513247316,7
entropy,best,,23,7,6,9,0.024334302045778376,0.004050078473627735,0.7963853048360091,8
gini,random,,27,7,5,17,0.024334302045778376,0.004050078473627735,0.779434649857185,8
entropy,best,,24,6,6,17,0.04565947916705775,0.004050078473627735,0.7907613513247316,8
entropy,best,,25,7,6,12,0.07145054927045015,0.004050078473627735,0.7823106470993795,8
entropy,best,,23,7,6,12,0.02785606290057984,0.004050078473627735,0.7949867034374076,8
entropy,best,log2,25,7,6,17,0.024334302045778376,0.004050078473627735,0.7219836501526642,8
entropy,best,sqrt,27,7,7,12,0.024334302045778376,0.004050078473627735,0.6643258150300404,8
entropy,best,,22,7,7,17,0.024334302045778376,0.004050078473627735,0.7963853048360091,8
entropy,best,,25,6,6,15,0.01850704256287909,0.004050078473627735,0.8019994090416626,9
entropy,random,,22,7,7,17,0.024334302045778376,0.004050078473627735,0.792169802028957,9
entropy,best,sqrt,22,7,8,12,0.024334302045778376,0.004050078473627735,0.6643258150300404,9
entropy,random,,25,7,6,17,0.0,0.004050078473627735,0.7893036540923866,9
entropy,best,,22,7,7,17,0.024334302045778376,0.025684401803919163,0.7963853048360091,9
entropy,best,,25,7,6,12,0.024334302045778376,0.053470899303011465,0.7907613513247316,9
entropy,random,sqrt,22,7,7,17,0.05113665420811235,0.004050078473627735,0.6643258150300404,9
gini,random,,25,7,6,12,0.04774371754538211,0.0,0.779434649857185,10
gini,random,,25,6,6,15,0.01850704256287909,0.06159240576017715,0.779434649857185,10
entropy,best,sqrt,26,7,6,12,0.024334302045778376,0.004050078473627735,0.6643258150300404,10
entropy,best,,25,7,7,15,0.0,0.07393462804485486,0.7823106470993795,10
entropy,best,,24,6,6,15,0.01850704256287909,0.004050078473627735,0.8019994090416626,10
entropy,best,,25,6,6,15,0.020172994291040285,0.004050078473627735,0.8019994090416626,10
entropy,best,,24,6,6,15,0.0,0.004050078473627735,0.7850881512853343,11
entropy,random,sqrt,25,6,6,15,0.01850704256287909,0.004050078473627735,0.6643258150300404,11
entropy,best,,23,6,6,15,0.0,0.004050078473627735,0.7850881512853343,11
entropy,random,,24,7,6,10,0.01850704256287909,0.004050078473627735,0.7977740569289866,11
entropy,best,sqrt,25,6,6,16,0.04431275538814178,0.0,0.6643258150300404,11
entropy,best,,25,7,6,10,0.01850704256287909,0.004050078473627735,0.8019994090416626,11
entropy,best,,24,6,6,15,0.020172994291040285,0.004050078473627735,0.8019994090416626,11
entropy,best,sqrt,24,6,6,10,0.01850704256287909,0.03938142079608632,0.6643258150300404,12
entropy,random,,25,7,6,15,0.07066997936430787,0.039730207592891184,0.779434649857185,12
gini,best,,25,7,6,10,0.0017276002596822784,0.0,0.7879247513050329,12
entropy,random,,25,8,7,10,0.01850704256287909,0.0,0.7977740569289866,12
entropy,best,,24,7,5,10,0.01850704256287909,0.004050078473627735,0.8019994090416626,12
entropy,best,,25,6,5,22,0.020172994291040285,0.004050078473627735,0.8019994090416626,12
entropy,random,sqrt,24,7,4,10,0.036921869216491085,0.004050078473627735,0.6643258150300404,13
entropy,best,sqrt,24,6,6,10,0.01850704256287909,0.004050078473627735,0.662917364325815,13
entropy,best,,25,6,5,22,0.020172994291040285,0.0,0.8019994090416626,13
entropy,best,log2,25,6,5,22,0.05005927284992986,0.04541649064099583,0.6643258150300404,13
entropy,best,,24,8,5,10,0.01850704256287909,0.004050078473627735,0.8019994090416626,13
entropy,best,,25,6,5,5,0.01850704256287909,0.004050078473627735,0.7992022062444597,13
entropy,best,,24,7,5,19,0.020172994291040285,0.0013223642777532092,0.8019994090416626,13
entropy,best,,24,7,6,22,0.020172994291040285,0.004050078473627735,0.8019994090416626,14
entropy,best,,24,8,5,15,0.01850704256287909,0.0013223642777532092,0.8019994090416626,14
gini,best,,24,7,5,16,0.08444844913581806,0.0,0.779434649857185,14
entropy,best,,24,8,5,10,0.01850704256287909,0.0013223642777532092,0.8019994090416626,14
entropy,best,,24,7,5,10,0.01850704256287909,0.0,0.8019994090416626,14
entropy,best,,24,6,5,19,0.020172994291040285,0.0013223642777532092,0.8019994090416626,14
entropy,best,,24,8,5,7,0.01850704256287909,0.004050078473627735,0.8019994090416626,14
gini,best,,24,7,5,19,0.023387876746322245,0.0013223642777532092,0.7907613513247316,14
entropy,best,,24,6,5,19,0.020172994291040285,0.0,0.8019994090416626,15
entropy,random,,24,9,5,7,0.01850704256287909,0.06089306172109156,0.779434649857185,15
entropy,best,,24,8,5,19,0.020172994291040285,0.0013223642777532092,0.8019994090416626,15
entropy,best,,24,6,5,7,0.0,0.0,0.7934797596769428,15
entropy,best,,25,7,5,7,0.01850704256287909,0.07288346890815114,0.7823106470993795,15
entropy,random,,24,6,6,19,0.03453213474234362,0.004050078473627735,0.7823106470993795,15
entropy,best,,24,6,5,7,0.01850704256287909,0.004050078473627735,0.8019994090416626,15
entropy,random,,24,6,5,19,0.020172994291040285,0.011194989643428297,0.7963656062247612,16
entropy,best,sqrt,24,8,6,7,0.01850704256287909,0.004050078473627735,0.662917364325815,16
gini,best,,25,8,5,19,0.020172994291040285,0.0013223642777532092,0.7907613513247316,16
gini,best,,25,5,5,7,0.01850704256287909,0.004050078473627735,0.7907613513247316,16
entropy,best,log2,24,6,5,19,0.020172994291040285,0.0013223642777532092,0.7401654683344824,16
entropy,best,,24,8,5,5,0.01850704256287909,0.004050078473627735,0.7992022062444597,16
entropy,best,,22,8,6,19,0.020172994291040285,0.0013223642777532092,0.8019994090416626,16
entropy,best,,24,6,6,7,0.01850704256287909,0.004050078473627735,0.8019994090416626,16
entropy,random,,24,6,6,19,0.020172994291040285,0.0013223642777532092,0.7963656062247612,17
entropy,best,,22,8,6,8,0.01850704256287909,0.004050078473627735,0.8019994090416626,17
entropy,random,,24,6,5,7,0.032463133938344955,0.0013223642777532092,0.7823106470993795,17
entropy,best,,24,8,6,17,0.01850704256287909,0.004050078473627735,0.8019994090416626,17
entropy,best,,22,8,5,19,0.020172994291040285,0.0013223642777532092,0.8019994090416626,17
entropy,best,,24,6,6,11,0.01850704256287909,0.017545917278553504,0.8019994090416626,17
entropy,best,sqrt,22,8,6,19,0.00803529484422392,0.0013223642777532092,0.7120653993893431,17
entropy,best,,25,6,6,7,0.01850704256287909,0.004050078473627735,0.8019994090416626,17
entropy,best,,23,6,6,7,0.0,0.004050078473627735,0.7934797596769428,18
entropy,best,,25,6,6,11,0.06967906656384153,0.017545917278553504,0.7823106470993795,18
entropy,best,,24,5,6,7,0.01850704256287909,0.004050078473627735,0.8019994090416626,18
entropy,best,,25,6,6,7,0.01850704256287909,0.017545917278553504,0.8019994090416626,18
entropy,best,,24,6,6,11,0.05271977304642604,0.0,0.7907613513247316,18
entropy,best,,24,6,6,11,0.04783667785415925,0.017545917278553504,0.7907613513247316,18
entropy,best,,25,6,6,7,0.01850704256287909,0.0,0.8019994090416626,18
gini,best,,25,6,6,9,0.03968616874323956,0.017545917278553504,0.7710430414655767,19
entropy,best,,25,6,6,7,0.06801858565246058,0.0,0.7907613513247316,19
entropy,random,,25,7,6,5,0.01850704256287909,0.0,0.7907613513247316,19
gini,random,,25,6,6,7,0.03489743898010653,0.0,0.779434649857185,19
entropy,best,,25,6,6,5,0.01850704256287909,0.017545917278553504,0.7992022062444597,19
entropy,best,,25,7,6,8,0.01850704256287909,0.0,0.8019994090416626,19
entropy,best,,25,6,6,6,0.01850704256287909,0.0,0.8019994090416626,20
entropy,best,,25,7,7,7,0.01850704256287909,0.06063779345776087,0.7907613513247316,20
entropy,best,,25,7,5,8,0.01850704256287909,0.0,0.8019994090416626,20
entropy,random,,25,6,6,5,0.01850704256287909,0.0,0.7907613513247316,20
gini,best,,25,7,7,8,0.04817772135093325,0.0,0.779434649857185,20
entropy,best,,25,8,6,8,0.01850704256287909,0.040813515899800375,0.7907613513247316,20
entropy,best,log2,25,6,6,7,0.01850704256287909,0.0,0.7401654683344824,20
entropy,best,,26,8,5,12,0.034018954945166095,0.0,0.7907613513247316,21
entropy,best,,23,6,6,7,0.01850704256287909,0.0,0.8019994090416626,21
entropy,best,,25,6,6,7,0.021522800591184638,0.0,0.8019994090416626,21
entropy,best,,25,8,5,5,0.01850704256287909,0.0,0.7992022062444597,21
entropy,best,,25,6,6,7,0.01850704256287909,0.006622244444769476,0.8019994090416626,21
entropy,best,,25,7,5,6,0.01850704256287909,0.0,0.8019994090416626,21
entropy,random,,25,6,5,7,0.01850704256287909,0.0,0.7977740569289866,21
entropy,best,,25,6,5,5,0.01850704256287909,0.006622244444769476,0.7992022062444597,22
entropy,best,,25,6,5,6,0.01850704256287909,0.0,0.8019994090416626,22
entropy,best,,24,7,5,6,0.01850704256287909,0.006622244444769476,0.8019994090416626,22
entropy,best,,25,6,6,7,0.011396306497063542,0.006622244444769476,0.7962966610853935,22
entropy,best,,25,8,5,6,0.01850704256287909,0.0,0.8019994090416626,22
entropy,best,sqrt,23,7,5,10,0.01850704256287909,0.0,0.662917364325815,22
entropy,random,,25,8,5,5,0.01850704256287909,0.006622244444769476,0.7907613513247316,23
entropy,best,,25,6,5,7,0.05451181243209445,0.0,0.7907613513247316,23
entropy,best,,25,8,6,5,0.008710177776468916,0.006622244444769476,0.7992022062444597,23
entropy,best,,25,8,5,6,0.05052752063648458,0.0,0.7907613513247316,23
entropy,best,,25,7,7,12,0.01650370174372224,0.006622244444769476,0.8089727174234216,23
entropy,best,sqrt,25,8,5,6,0.01850704256287909,0.02774512087798204,0.6671427164384911,23
gini,best,,25,6,6,7,0.01850704256287909,0.0,0.7907613513247316,24
entropy,random,,25,7,7,12,0.01650370174372224,0.0,0.7977740569289866,24
entropy,best,,25,5,6,7,0.01850704256287909,0.006622244444769476,0.8019994090416626,24
entropy,best,sqrt,25,7,7,6,0.01850704256287909,0.0,0.662917364325815,24
entropy,best,,25,7,7,7,0.01850704256287909,0.0,0.8019994090416626,24
gini,best,sqrt,25,6,6,12,0.01650370174372224,0.006622244444769476,0.6643258150300404,24
entropy,best,,25,7,7,12,0.0,0.006622244444769476,0.787914901999409,25
entropy,best,,25,7,6,7,0.01650370174372224,0.006622244444769476,0.8089727174234216,25
entropy,random,,25,7,8,12,0.01650370174372224,0.04482561160851965,0.772441642864178,25
entropy,best,,26,7,8,8,0.01650370174372224,0.006622244444769476,0.8061755146262188,25
gini,best,,25,7,7,12,0.01650370174372224,0.0,0.7907613513247316,25
entropy,best,,25,7,7,14,0.03986187956519395,0.006622244444769476,0.7907613513247316,25
entropy,best,,24,7,7,12,0.09206009453716357,0.006622244444769476,0.779434649857185,25
gini,best,,25,7,7,12,0.01650370174372224,0.006622244444769476,0.7907613513247316,26
gini,best,,24,7,7,14,0.0,0.006622244444769476,0.7976952624839948,26
gini,best,,25,7,7,12,0.0,0.006622244444769476,0.7976952624839948,26
entropy,best,sqrt,25,7,7,12,0.01650370174372224,0.034218442197562225,0.7148823007977938,26
entropy,best,,25,7,7,13,0.01650370174372224,0.01074953121613139,0.8089727174234216,26
entropy,best,,25,7,8,12,0.01650370174372224,0.006622244444769476,0.8061755146262188,26
entropy,best,sqrt,26,6,7,12,0.01650370174372224,0.0255237689929669,0.7176992022062445,26
entropy,best,,26,7,7,13,0.01650370174372224,0.01074953121613139,0.8089727174234216,27
entropy,best,,25,6,6,12,0.01650370174372224,0.006622244444769476,0.8089727174234216,27
gini,best,,25,7,7,13,0.01650370174372224,0.01074953121613139,0.7907613513247316,27
gini,best,,25,7,8,12,0.01650370174372224,0.006622244444769476,0.7907613513247316,27
entropy,best,log2,25,7,8,12,0.01650370174372224,0.006622244444769476,0.7401654683344824,27
entropy,best,,25,6,7,10,0.01650370174372224,0.01074953121613139,0.8089727174234216,27
gini,best,,25,7,7,12,0.060161490875695674,0.04152746224396613,0.779434649857185,28
entropy,best,,25,6,7,10,0.01650370174372224,0.006622244444769476,0.8089727174234216,28
entropy,best,,25,6,8,12,0.01650370174372224,0.006622244444769476,0.8061755146262188,28
entropy,best,,25,7,7,14,0.01650370174372224,0.01074953121613139,0.8089727174234216,28
entropy,best,,25,6,7,12,0.01650370174372224,0.005937869309441658,0.8089727174234216,28
entropy,best,,24,7,7,6,0.01650370174372224,0.01074953121613139,0.8117896188318724,28
entropy,best,,25,6,7,12,0.01650370174372224,0.04187644972303831,0.7907613513247316,28
entropy,random,,25,5,8,13,0.01650370174372224,0.005937869309441658,0.7963656062247612,29
entropy,best,,24,8,7,8,0.01650370174372224,0.029462803339267964,0.7949867034374076,29
entropy,best,,24,7,8,12,0.01650370174372224,0.005937869309441658,0.8061755146262188,29
entropy,best,,25,6,7,6,0.015284809659963483,0.01074953121613139,0.8117896188318724,29
entropy,best,,25,6,7,8,0.01650370174372224,0.005937869309441658,0.8089727174234216,29
entropy,best,,24,7,7,8,0.01650370174372224,0.01074953121613139,0.8089727174234216,29
gini,best,,24,7,7,9,0.01650370174372224,0.0,0.7907613513247316,29
entropy,best,,25,5,7,12,0.01650370174372224,0.01074953121613139,0.8089727174234216,29
entropy,best,log2,24,7,7,6,0.015284809659963483,0.01074953121613139,0.7401654683344824,30
entropy,best,sqrt,25,6,7,6,0.01650370174372224,0.01074953121613139,0.7134738500935683,30
entropy,best,sqrt,25,6,7,6,0.015284809659963483,0.01074953121613139,0.7134738500935683,30
entropy,best,,24,7,7,7,0.01650370174372224,0.01074953121613139,0.8089727174234216,30
entropy,best,sqrt,25,7,7,6,0.015284809659963483,0.01074953121613139,0.7134738500935683,30
entropy,best,,25,6,7,6,0.01650370174372224,0.01074953121613139,0.8117896188318724,30
entropy,best,,24,8,7,8,0.0,0.01074953121613139,0.7976952624839948,30
entropy,best,,25,6,6,6,0.01650370174372224,0.0,0.8019994090416626,30
entropy,best,log2,24,6,7,6,0.01650370174372224,0.01074953121613139,0.7401654683344824,31
entropy,best,log2,26,6,7,5,0.0039023728026114177,0.01074953121613139,0.724780852949867,31
entropy,best,,24,6,7,6,0.01650370174372224,0.01074953121613139,0.8117896188318724,31
entropy,best,,25,7,6,9,0.01650370174372224,0.01074953121613139,0.8089727174234216,31
entropy,best,,23,7,7,6,0.022041044139976717,0.01074953121613139,0.8019994090416626,31
entropy,best,,26,6,7,6,0.01650370174372224,0.01074953121613139,0.8117896188318724,31
entropy,random,,25,6,7,6,0.01650370174372224,0.024991885316831764,0.792169802028957,31
entropy,best,,24,7,7,10,0.01650370174372224,0.01074953121613139,0.8089727174234216,31
entropy,best,,24,6,7,5,0.01650370174372224,0.01074953121613139,0.7992022062444597,32
entropy,best,,26,6,7,9,0.03574254549840681,0.01074953121613139,0.7907613513247316,32
entropy,best,,24,6,7,6,0.0,0.01074953121613139,0.8019304639022948,32
entropy,best,,24,6,8,6,0.01650370174372224,0.01074953121613139,0.8089924160346695,32
entropy,random,,26,6,7,6,0.014723866801582112,0.01074953121613139,0.792169802028957,32
entropy,random,,24,6,7,6,0.01650370174372224,0.0,0.792169802028957,32
entropy,best,,26,6,7,6,0.01650370174372224,0.009107912176866887,0.8117896188318724,32
gini,best,,26,6,7,6,0.01650370174372224,0.01074953121613139,0.7907613513247316,33
entropy,best,sqrt,26,7,7,6,0.01650370174372224,0.004578188932813778,0.7134738500935683,33
entropy,best,,26,6,7,6,0.009597972089634052,0.01074953121613139,0.8019304639022948,33
entropy,best,,27,6,7,6,0.009419581599845813,0.009107912176866887,0.8019304639022948,33
entropy,best,,26,5,7,10,0.01650370174372224,0.009107912176866887,0.8089727174234216,33
entropy,best,,26,6,7,6,0.01650370174372224,0.022063382512038744,0.8019994090416626,33
entropy,best,sqrt,26,6,7,6,0.01650370174372224,0.01074953121613139,0.7134738500935683,34
entropy,best,,27,6,7,6,0.01650370174372224,0.009107912176866887,0.8117896188318724,34
entropy,random,sqrt,26,6,7,6,0.01650370174372224,0.01074953121613139,0.6643258150300404,34
entropy,best,,25,6,7,6,0.01650370174372224,0.009107912176866887,0.8117896188318724,34
entropy,best,log2,26,6,7,6,0.01650370174372224,0.009018425665969826,0.7401654683344824,34
entropy,best,,26,6,7,9,0.022637362446522848,0.009107912176866887,0.8019994090416626,34
entropy,random,,26,6,7,6,0.01650370174372224,0.01074953121613139,0.792169802028957,34
entropy,best,,25,6,7,6,0.01650370174372224,0.0,0.8117896188318724,34
entropy,best,,25,6,7,9,0.01650370174372224,0.0,0.8089727174234216,35
entropy,best,,26,6,7,6,0.01650370174372224,0.0,0.8117896188318724,35
gini,best,,25,6,7,6,0.01650370174372224,0.009107912176866887,0.7907613513247316,35
gini,best,,25,6,7,6,0.00932565235180127,0.006730168341372579,0.8019304639022948,35
entropy,best,log2,25,6,7,6,0.01650370174372224,0.009107912176866887,0.7401654683344824,35
entropy,best,,25,6,7,6,0.01650370174372224,0.02099496691012817,0.8019994090416626,35
entropy,best,,25,6,7,6,0.02409218800472719,0.006234111551611623,0.7963853048360091,35
entropy,best,,25,5,7,6,0.01650370174372224,0.0,0.8117896188318724,36
gini,best,sqrt,25,7,8,6,0.01650370174372224,0.0,0.6643258150300404,36
entropy,best,log2,25,7,7,6,0.01650370174372224,0.0,0.7401654683344824,36
entropy,random,,25,6,7,9,0.01650370174372224,0.0,0.7977740569289866,36
entropy,best,log2,25,6,7,6,0.016067237639910924,0.0,0.7401654683344824,36
entropy,best,sqrt,24,6,7,6,0.01650370174372224,0.0,0.7134738500935683,36
gini,best,,25,6,7,6,0.01650370174372224,0.0,0.7907613513247316,36
entropy,random,,25,6,7,6,0.01650370174372224,0.0,0.792169802028957,37
entropy,random,,25,6,7,7,0.01650370174372224,0.0,0.7977740569289866,37
gini,best,log2,26,6,8,6,0.01650370174372224,0.0,0.7219836501526642,37
entropy,best,,24,7,7,6,0.01650370174372224,0.0,0.8117896188318724,37
entropy,best,,25,6,8,6,0.01650370174372224,0.011287886004990777,0.8089924160346695,37
entropy,best,,24,7,7,6,0.01650370174372224,0.029690756819545108,0.7949867034374076,38
gini,best,log2,25,6,7,6,0.01650370174372224,0.0,0.7219836501526642,38
entropy,best,log2,24,7,7,5,0.031756336005795284,0.0,0.6882694770018715,38
entropy,best,,25,6,7,6,0.030696889454067122,0.0,0.7907613513247316,38
entropy,random,,24,7,7,6,0.01650370174372224,0.0,0.792169802028957,38
entropy,best,,25,6,7,5,0.01650370174372224,1.3954285828240451e-05,0.7992022062444597,39
entropy,random,,25,6,8,6,0.007917845841315607,0.0,0.792169802028957,39
entropy,best,,25,7,7,6,0.0,0.0,0.8019304639022948,39
entropy,best,,24,6,6,6,0.01650370174372224,0.0,0.8019994090416626,39
entropy,random,,24,7,7,6,0.020004880080150434,0.01939347351010607,0.792169802028957,39
gini,best,,25,6,8,6,0.01650370174372224,0.0,0.7907613513247316,39
entropy,best,log2,24,7,7,6,0.01650370174372224,0.0,0.7401654683344824,40
entropy,best,,25,7,6,9,0.01650370174372224,0.0,0.8089727174234216,40
entropy,best,,24,6,7,6,0.01650370174372224,0.0,0.8117896188318724,40
entropy,random,,24,8,7,6,0.01650370174372224,0.0,0.792169802028957,40
entropy,best,sqrt,25,6,7,5,0.027341223154754818,0.03169865141906855,0.6643258150300404,40
entropy,random,sqrt,24,6,7,6,0.01650370174372224,0.0,0.6643258150300404,40
entropy,best,,24,6,7,6,0.024661445996258954,0.0,0.7963853048360091,41
entropy,best,sqrt,24,5,7,6,0.01650370174372224,0.0,0.7134738500935683,41
entropy,best,,25,6,8,6,0.01650370174372224,0.0,0.8089924160346695,41
gini,best,,24,7,7,6,0.01650370174372224,0.0,0.7907613513247316,41
entropy,best,sqrt,26,6,7,5,0.01650370174372224,0.029021134029271756,0.7148823007977938,41
entropy,best,log2,25,6,7,6,0.0008779442540144365,0.0,0.7401654683344824,41
entropy,best,sqrt,24,6,7,6,0.018016820792682527,0.0,0.662917364325815,42
entropy,best,,24,6,7,6,0.011261280570403764,0.0,0.8019304639022948,42
entropy,best,,24,5,7,5,0.01650370174372224,0.0,0.7992022062444597,42
entropy,best,,23,6,7,9,0.012065284240698582,0.0,0.7962966610853935,42
entropy,random,,25,7,7,6,0.02807913309268778,0.022051560832456747,0.7907613513247316,42
entropy,best,,24,6,7,6,0.024252822467104345,0.0,0.7963853048360091,42
gini,random,,24,6,7,6,0.01650370174372224,0.0,0.772441642864178,43
entropy,random,,24,6,7,6,0.009217685076391422,0.0,0.792169802028957,43
entropy,best,,24,6,8,5,0.01650370174372224,0.0,0.7992022062444597,43
entropy,best,,24,6,7,5,0.01650370174372224,0.012806011362710354,0.7992022062444597,43
entropy,best,,24,6,7,6,0.0201148169906648,0.0,0.8019994090416626,43
entropy,best,,24,6,7,5,0.01650370174372224,0.0,0.7992022062444597,43
entropy,best,,24,6,7,7,0.01650370174372224,0.0,0.8089727174234216,43
entropy,best,,24,6,7,6,0.029510865761341196,0.012790896318364693,0.7907613513247316,43
entropy,best,log2,24,6,7,6,0.021564472927182686,0.0,0.7401654683344824,44
entropy,random,,23,6,7,6,0.004604921547825972,0.0,0.7851373978134542,44
gini,best,,24,6,7,5,0.01650370174372224,0.0,0.7907613513247316,44
entropy,best,,24,5,7,6,0.01650370174372224,0.0,0.8117896188318724,44
entropy,best,,24,6,7,6,0.03210212036843396,0.0,0.7907613513247316,44
gini,random,,24,7,7,7,0.01650370174372224,0.0,0.772441642864178,45
entropy,best,log2,23,6,7,6,0.01650370174372224,0.020882549744215596,0.7401654683344824,45
entropy,best,,25,6,7,6,0.01650370174372224,0.00558703588323998,0.8117896188318724,45
entropy,best,log2,24,6,7,6,0.01650370174372224,0.0,0.7401654683344824,45
entropy,best,log2,24,6,7,5,0.01650370174372224,0.0,0.724780852949867,45
gini,best,,24,6,7,8,0.02311942775143355,0.0,0.7907613513247316,45
entropy,best,,24,5,8,5,0.01650370174372224,0.00558703588323998,0.7992022062444597,46
entropy,best,,24,6,6,6,0.01650370174372224,0.00558703588323998,0.8019994090416626,46
entropy,best,,24,6,7,6,0.01650370174372224,0.00558703588323998,0.8117896188318724,46
entropy,best,sqrt,25,6,8,6,0.011769449421754405,0.0,0.7134738500935683,46
entropy,best,,25,5,7,8,0.01650370174372224,0.005162549624682884,0.8089727174234216,46
entropy,best,,24,6,7,7,0.01650370174372224,0.00558703588323998,0.8089727174234216,47
entropy,best,,25,6,7,6,0.01650370174372224,0.01151395967036782,0.8117896188318724,47
entropy,best,log2,24,6,7,6,0.01650370174372224,0.011438548206872328,0.7401654683344824,47
entropy,best,,25,6,6,7,0.01650370174372224,0.0,0.8089727174234216,47
entropy,random,,25,6,7,6,0.012844221449940109,0.011752408177054224,0.792169802028957,47
entropy,best,,24,7,7,5,0.01650370174372224,0.0024147815691671444,0.7992022062444597,47
entropy,best,,25,5,7,7,0.01650370174372224,0.00558703588323998,0.8089727174234216,47
gini,best,,24,6,8,6,0.01650370174372224,0.0,0.7907613513247316,47
entropy,best,,24,6,8,6,0.03052417971580331,0.00558703588323998,0.7907613513247316,48
entropy,best,,25,6,7,8,0.030219970302664653,0.0,0.7907613513247316,48
entropy,best,,25,6,7,7,0.01650370174372224,0.008068084658059365,0.8089727174234216,48
entropy,best,,25,7,8,6,0.01767152693739783,0.0,0.8089924160346695,48
gini,best,,24,6,7,5,0.01650370174372224,5.511170699355316e-05,0.7907613513247316,48
entropy,best,,25,6,7,5,0.01650370174372224,0.00558703588323998,0.7992022062444597,48
entropy,best,log2,24,5,7,5,0.01530555695941453,0.0,0.724780852949867,49
entropy,random,,24,6,7,6,0.01650370174372224,0.00558703588323998,0.792169802028957,49
entropy,best,,25,6,7,6,0.0012315873600916433,0.003600853973685801,0.8019304639022948,49
entropy,best,,24,6,7,6,0.01650370174372224,0.017365603428189484,0.8117896188318724,49
entropy,random,,25,6,7,6,0.01650370174372224,0.011681580753615226,0.792169802028957,50
entropy,best,,25,6,7,6,0.0014142891095516707,0.017365603428189484,0.8117896188318724,50
entropy,best,,26,7,7,6,0.01650370174372224,0.0,0.8117896188318724,50
entropy,best,,26,8,7,8,0.01650370174372224,0.017365603428189484,0.8089727174234216,51
entropy,best,,24,5,7,6,0.01650370174372224,0.0013519413041831322,0.8117896188318724,51
gini,best,,25,6,7,6,0.01650370174372224,0.02061995514446654,0.7907613513247316,51
entropy,random,,26,7,7,6,0.01650370174372224,0.00891713292350882,0.792169802028957,51
entropy,best,,24,6,7,5,0.01650370174372224,0.03388452106042979,0.7949867034374076,51
entropy,best,,26,7,7,5,0.01650370174372224,0.0,0.7992022062444597,51
entropy,best,,26,7,7,5,0.01650370174372224,0.017365603428189484,0.7992022062444597,51
gini,best,log2,24,6,7,6,0.01650370174372224,0.0,0.7219836501526642,51
entropy,best,,24,6,7,6,0.01650370174372224,0.008385583907715719,0.8117896188318724,52
entropy,best,sqrt,26,7,8,6,0.01650370174372224,0.0,0.7134738500935683,52
entropy,best,,26,7,7,6,0.01650370174372224,0.017365603428189484,0.8117896188318724,52
entropy,best,,25,6,7,6,0.022848457783149877,0.0,0.8019994090416626,52
entropy,best,,26,7,8,5,0.01650370174372224,0.017365603428189484,0.7992022062444597,52
entropy,best,,24,6,7,6,0.011929177148345705,0.0,0.8019304639022948,52
gini,best,,24,6,7,6,0.01650370174372224,0.017365603428189484,0.7907613513247316,52
entropy,best,,26,7,8,6,0.01650370174372224,0.0,0.8089924160346695,52
entropy,best,sqrt,26,7,7,6,0.01650370174372224,0.017365603428189484,0.7134738500935683,53
entropy,best,,26,6,7,7,0.01650370174372224,0.01591571025569592,0.8089727174234216,53
entropy,best,,26,8,7,6,0.01650370174372224,0.017365603428189484,0.8117896188318724,53
gini,best,,26,8,7,6,0.01650370174372224,0.017365603428189484,0.7907613513247316,53
entropy,best,,26,8,7,6,0.01650370174372224,0.0,0.8117896188318724,53
entropy,random,log2,27,6,8,6,0.01650370174372224,0.017365603428189484,0.779434649857185,53
entropy,best,,26,6,7,6,0.027610629073683366,0.005017727693185936,0.7949867034374076,53
entropy,best,,26,8,7,6,0.01650370174372224,0.014278129676059468,0.8117896188318724,54
entropy,random,sqrt,27,8,7,6,0.027596694299018516,0.017365603428189484,0.6643258150300404,54
entropy,best,,25,8,7,7,0.016600066424886484,0.0,0.8089727174234216,54
gini,best,,26,8,7,8,0.01650370174372224,0.017365603428189484,0.7907613513247316,54
entropy,best,,26,8,8,5,0.02628994417870658,0.017365603428189484,0.7949867034374076,54
entropy,best,log2,26,8,7,6,0.01650370174372224,0.0,0.7401654683344824,54
entropy,best,,25,7,7,6,0.01650370174372224,0.0,0.8117896188318724,55
entropy,best,log2,26,8,7,7,0.01650370174372224,0.025837216825311503,0.7401654683344824,55
entropy,best,,26,6,7,6,0.0030802284498866062,0.009329689627926513,0.8019304639022948,55
entropy,best,,27,8,7,6,0.01650370174372224,0.0,0.8117896188318724,55
entropy,best,,26,6,7,8,0.008970442488315532,0.017365603428189484,0.8089727174234216,55
entropy,best,,25,9,7,5,0.01650370174372224,0.017365603428189484,0.7992022062444597,55
entropy,best,,27,6,6,6,0.01650370174372224,0.0,0.8019994090416626,56
entropy,best,,27,8,7,6,0.01650370174372224,0.010082778398446346,0.8117896188318724,56
gini,best,,27,8,7,6,0.01650370174372224,0.0,0.7907613513247316,56
entropy,best,log2,26,6,7,6,0.020078609413829142,0.0,0.7401654683344824,56
entropy,best,,27,9,7,6,0.01650370174372224,0.0029616467191697724,0.8117896188318724,56
entropy,best,,26,5,8,7,0.0,0.0,0.7920811582783414,56
entropy,best,,26,8,8,5,0.01650370174372224,0.0,0.7992022062444597,56
entropy,best,log2,27,6,7,6,0.01650370174372224,0.0,0.7401654683344824,56
entropy,best,,26,9,7,6,0.01650370174372224,0.0029616467191697724,0.8117896188318724,57
entropy,best,sqrt,26,6,7,6,0.01650370174372224,0.0029616467191697724,0.7134738500935683,57
entropy,best,,27,9,7,6,0.02833692793356101,0.0,0.7907613513247316,57
entropy,best,,27,9,8,6,0.01650370174372224,0.0029616467191697724,0.8089924160346695,57
entropy,random,,26,5,7,6,0.01650370174372224,0.0,0.792169802028957,57
entropy,best,,26,6,7,6,0.01650370174372224,0.0029616467191697724,0.8117896188318724,57
entropy,best,,27,8,7,6,0.01650370174372224,0.003076698992904548,0.8117896188318724,57
gini,best,sqrt,26,6,7,6,0.01650370174372224,0.0,0.6643258150300404,58
entropy,random,,27,8,6,6,0.01650370174372224,0.0,0.792169802028957,58
entropy,best,,26,8,7,6,0.01650370174372224,0.003076698992904548,0.8117896188318724,58
entropy,best,,27,6,7,6,0.01650370174372224,0.018257853913430322,0.8019994090416626,58
entropy,random,log2,27,8,7,6,0.01650370174372224,0.0029616467191697724,0.779434649857185,58
entropy,best,,26,6,7,6,0.0,0.003076698992904548,0.8019304639022948,58
entropy,best,,26,8,7,5,0.028452644094113164,0.003076698992904548,0.7907613513247316,59
gini,best,,26,8,7,5,0.01650370174372224,0.003076698992904548,0.7907613513247316,59
entropy,random,log2,26,7,7,6,0.01650370174372224,0.003076698992904548,0.779434649857185,59
gini,best,,26,8,7,8,0.01650370174372224,0.003076698992904548,0.7907613513247316,59
entropy,best,,25,9,7,6,0.01650370174372224,0.003076698992904548,0.8117896188318724,59
entropy,best,sqrt,26,8,7,6,0.01650370174372224,0.003076698992904548,0.7134738500935683,59
entropy,best,,26,8,8,6,0.01650370174372224,0.003076698992904548,0.8089924160346695,59
entropy,random,,25,9,8,7,0.0256477346491182,0.003076698992904548,0.792169802028957,60
entropy,random,sqrt,26,7,7,6,0.009218324197164259,0.003076698992904548,0.7246429626711317,60
entropy,best,,25,9,7,6,0.01650370174372224,0.019183439160873932,0.8019994090416626,60
gini,random,,25,9,7,6,0.01650370174372224,0.003076698992904548,0.772441642864178,60
entropy,random,,26,9,7,6,0.01650370174372224,0.003076698992904548,0.792169802028957,60
entropy,best,,26,10,7,6,0.01650370174372224,0.0,0.8117896188318724,60
gini,best,,24,8,6,6,0.03230329687151494,0.003076698992904548,0.7907613513247316,60
entropy,best,sqrt,26,10,7,6,0.01650370174372224,0.0,0.7134738500935683,61
entropy,best,,26,9,7,6,0.01650370174372224,0.003076698992904548,0.8117896188318724,61
entropy,best,sqrt,26,9,7,7,0.01650370174372224,0.008280511398261583,0.7134738500935683,61
entropy,best,,27,10,8,7,0.01650370174372224,0.012673645582721908,0.8061755146262188,61
entropy,best,,26,8,7,6,0.0233849403940052,0.009701326054510715,0.8019994090416626,61
entropy,best,,26,11,7,6,0.01650370174372224,0.013351423888086732,0.8117896188318724,61
entropy,best,,26,8,6,5,0.01650370174372224,0.0,0.7992022062444597,61
entropy,best,,27,9,6,6,0.01650370174372224,0.003076698992904548,0.8019994090416626,62
gini,best,,26,11,7,6,0.01650370174372224,0.0,0.7907613513247316,62
entropy,best,,26,8,7,6,0.01650370174372224,0.013351423888086732,0.8117896188318724,62
entropy,best,,26,11,7,6,0.01650370174372224,0.003076698992904548,0.8117896188318724,62
entropy,best,,26,8,7,7,0.0045724723932329975,0.013351423888086732,0.7962966610853935,62
entropy,best,,27,9,7,7,0.01650370174372224,0.005962931694376132,0.8089727174234216,62
entropy,random,,26,11,7,6,0.030221749824746666,0.012409756091219791,0.7907613513247316,62
entropy,random,,25,11,7,6,0.01650370174372224,0.005773622888332341,0.792169802028957,63
entropy,random,,26,8,6,6,0.01650370174372224,0.013351423888086732,0.792169802028957,63
entropy,best,log2,26,8,6,6,0.015125994368711437,0.003076698992904548,0.7401654683344824,63
entropy,best,,26,11,7,7,0.01650370174372224,0.013351423888086732,0.8089727174234216,63
entropy,best,,26,11,6,6,0.01650370174372224,0.013351423888086732,0.8019994090416626,63
entropy,random,sqrt,26,11,8,6,0.01650370174372224,0.003076698992904548,0.6643258150300404,63
entropy,best,,25,8,7,6,0.01650370174372224,0.013351423888086732,0.8117896188318724,63
entropy,best,,24,8,7,6,0.01650370174372224,0.0038443572474698485,0.8117896188318724,64
entropy,random,,26,8,7,6,0.01650370174372224,0.013351423888086732,0.792169802028957,64
entropy,best,,24,8,7,7,0.01650370174372224,0.003076698992904548,0.8089727174234216,64
entropy,best,,26,8,7,5,0.01650370174372224,0.013351423888086732,0.7992022062444597,64
entropy,best,,26,9,7,6,0.01650370174372224,0.0,0.8117896188318724,64
entropy,best,,25,8,8,6,0.015323293155126682,0.003076698992904548,0.8089924160346695,64
entropy,best,,26,9,7,6,0.01650370174372224,0.017235072241679313,0.8117896188318724,64
entropy,best,,26,9,7,5,0.019064436519916846,0.014215489733052327,0.7992022062444597,65
entropy,best,,25,7,7,6,0.01650370174372224,0.017235072241679313,0.8117896188318724,65
gini,best,,26,9,7,6,0.01650370174372224,0.013351423888086732,0.7907613513247316,65
entropy,best,,25,8,7,6,0.018931671122512966,0.017235072241679313,0.8019994090416626,65
entropy,random,,26,9,7,6,0.01650370174372224,0.013199157557770633,0.792169802028957,65
entropy,best,,26,9,7,6,0.00909379270796187,0.013351423888086732,0.8019304639022948,65
gini,best,,25,8,7,5,0.01650370174372224,0.017235072241679313,0.7907613513247316,65
gini,best,,25,9,7,6,0.01650370174372224,0.013351423888086732,0.7907613513247316,66
entropy,best,,25,8,7,6,0.01650370174372224,0.017235072241679313,0.8117896188318724,66
entropy,best,sqrt,25,8,7,6,0.019258214944594225,0.013351423888086732,0.662917364325815,66
gini,best,sqrt,26,9,6,7,0.01650370174372224,0.013351423888086732,0.6643258150300404,66
entropy,random,log2,25,9,7,7,0.01650370174372224,0.013351423888086732,0.779434649857185,66
entropy,random,,25,8,6,6,0.01650370174372224,0.017235072241679313,0.792169802028957,66
entropy,best,log2,25,8,7,5,0.022977985799418486,0.017235072241679313,0.724780852949867,67
entropy,best,,26,9,7,6,0.025564636670906637,0.017235072241679313,0.7963853048360091,67
entropy,best,,25,8,7,6,0.01650370174372224,0.02648388967035485,0.7949867034374076,67
entropy,best,,26,8,8,6,0.01650370174372224,0.027754661578753524,0.7949867034374076,67
entropy,best,,25,8,7,6,0.03097496535101963,0.017235072241679313,0.7907613513247316,67
entropy,best,,26,8,6,6,0.01650370174372224,0.019316092698692326,0.8019994090416626,67
entropy,best,,26,9,8,6,0.01650370174372224,0.017235072241679313,0.8089924160346695,68
entropy,best,,25,8,7,5,0.01650370174372224,0.017235072241679313,0.7992022062444597,68
entropy,best,sqrt,26,9,7,6,0.01650370174372224,0.014120970297241457,0.7134738500935683,68
entropy,random,,25,8,7,6,0.023027758072654864,0.017235072241679313,0.792169802028957,68
entropy,best,,24,8,7,6,0.01650370174372224,0.017235072241679313,0.8117896188318724,68
entropy,best,,26,8,7,6,0.01650370174372224,0.0164131039362768,0.8117896188318724,68
entropy,best,,25,9,7,6,0.01650370174372224,0.03131450675974304,0.7949867034374076,68
entropy,best,,26,8,7,6,0.01650370174372224,0.03371714382794201,0.7949867034374076,69
entropy,best,,24,7,7,5,0.013592557305924746,0.007392098628697184,0.7992022062444597,69
entropy,random,,24,8,7,6,0.01650370174372224,0.017235072241679313,0.792169802028957,69
entropy,best,,26,8,7,7,0.01650370174372224,0.0164131039362768,0.8089727174234216,69
entropy,best,sqrt,26,8,7,6,0.01650370174372224,0.017235072241679313,0.7134738500935683,69
entropy,best,log2,24,8,7,7,0.01650370174372224,0.015017608294121118,0.7401654683344824,69
entropy,best,,24,8,7,6,0.01650370174372224,0.0164131039362768,0.8117896188318724,69
entropy,best,,27,9,7,6,0.017103002371222604,0.015307503810793027,0.8117896188318724,70
entropy,random,log2,24,9,7,6,0.01650370174372224,0.017235072241679313,0.779434649857185,70
entropy,best,,26,9,7,6,0.01650370174372224,0.0164131039362768,0.8117896188318724,70
entropy,best,,26,9,7,7,0.01650370174372224,0.0164131039362768,0.8089727174234216,70
gini,best,,24,7,7,6,0.01904766906302616,0.017235072241679313,0.7907613513247316,70
entropy,best,,26,9,8,7,0.01650370174372224,0.0164131039362768,0.8061755146262188,70
entropy,best,,26,8,7,6,0.01650370174372224,0.017235072241679313,0.8117896188318724,71
entropy,best,,25,8,7,6,0.0191780856201525,0.021659331178581317,0.8019994090416626,71
entropy,best,,27,9,7,6,0.01650370174372224,0.017235072241679313,0.8117896188318724,71
entropy,best,,25,8,7,6,0.025405978497596203,0.019225398596306145,0.7963853048360091,71
gini,best,,25,8,7,7,0.01650370174372224,0.017235072241679313,0.7907613513247316,71
entropy,best,,26,9,6,6,0.017599143115697862,0.017235072241679313,0.8019994090416626,71
entropy,best,,24,8,8,6,0.01650370174372224,0.0164131039362768,0.8089924160346695,71
entropy,best,,27,9,7,6,0.01650370174372224,0.022804269389951497,0.8019994090416626,72
entropy,best,,25,9,7,6,0.01650370174372224,0.022452670932378738,0.8019994090416626,72
entropy,random,,27,9,7,5,0.01650370174372224,0.022509307395823068,0.7907613513247316,72
entropy,random,,26,9,7,6,0.018772128624898892,0.008691931490785083,0.792169802028957,72
entropy,best,,27,9,7,6,0.027402670111157452,0.017235072241679313,0.7949867034374076,72
entropy,best,,28,9,7,6,0.01650370174372224,0.020066791020063916,0.8019994090416626,72
gini,best,,26,8,8,5,0.01650370174372224,0.0164131039362768,0.7907613513247316,73
entropy,best,,26,8,7,5,0.01650370174372224,0.017689505326897587,0.7992022062444597,73
entropy,best,,26,9,7,6,0.01351189172089041,0.0164131039362768,0.8117896188318724,73
entropy,best,,27,9,7,6,0.01650370174372224,0.0164131039362768,0.8117896188318724,73
entropy,best,log2,27,9,8,6,0.01650370174372224,0.0164131039362768,0.7401654683344824,73
entropy,best,,26,9,7,6,0.020097897176938485,0.0164131039362768,0.8019994090416626,73
entropy,best,,27,9,7,6,0.01650370174372224,0.017596126728552985,0.8117896188318724,73
entropy,best,,28,9,7,6,0.01960883078132533,0.0164131039362768,0.8019994090416626,74
gini,best,,26,9,7,6,0.013809663194072543,0.021908095216938442,0.7907613513247316,74
entropy,best,,27,9,7,6,0.015605626487370567,0.0164131039362768,0.8117896188318724,74
entropy,best,,26,9,7,6,0.01650370174372224,0.017596126728552985,0.8117896188318724,74
entropy,best,,27,9,7,6,0.01650370174372224,0.017725941376064692,0.8019994090416626,74
entropy,best,,26,10,7,5,0.010544860112333647,0.017596126728552985,0.7992022062444597,74
gini,best,,26,9,7,6,0.017581343466140664,0.0164131039362768,0.7907613513247316,75
gini,best,,28,9,7,7,0.01650370174372224,0.024757950378342525,0.7907613513247316,75
entropy,best,,26,10,7,6,0.01650370174372224,0.0164131039362768,0.8117896188318724,75
entropy,best,,26,9,7,6,0.029015241439283575,0.026442757724812496,0.7907613513247316,75
entropy,best,,27,10,6,6,0.01925181614630529,0.024812171749473925,0.7963853048360091,75
entropy,best,,26,9,6,6,0.01650370174372224,0.020896079479405836,0.8019994090416626,75
entropy,best,sqrt,27,8,7,6,0.01650370174372224,0.0164131039362768,0.7134738500935683,75
entropy,best,sqrt,25,9,7,6,0.01650370174372224,0.027028266307838902,0.7176992022062445,75
entropy,random,,26,10,7,6,0.01650370174372224,0.0164131039362768,0.792169802028957,76
entropy,best,,26,9,7,7,0.01650370174372224,0.015750235631973433,0.8089727174234216,76
entropy,best,,26,10,7,5,0.01650370174372224,0.012106637116631411,0.7992022062444597,76
entropy,best,log2,26,10,7,6,0.01650370174372224,0.017596126728552985,0.7401654683344824,76
entropy,best,,26,9,7,7,0.018001821351751657,0.016926746782035068,0.8019994090416626,76
entropy,best,,27,9,7,6,0.02317092909085113,0.0164131039362768,0.8019994090416626,76
entropy,best,sqrt,26,10,7,6,0.01650370174372224,0.017596126728552985,0.7134738500935683,76
entropy,best,log2,26,11,7,6,0.02624383359179394,0.0164131039362768,0.7009455333398995,77
gini,best,,27,9,6,6,0.016226555860046343,0.017596126728552985,0.7907613513247316,77
entropy,best,,26,9,8,6,0.01650370174372224,0.0164131039362768,0.8089924160346695,77
entropy,best,,27,10,7,6,0.01650370174372224,0.017596126728552985,0.8117896188318724,77
entropy,best,log2,26,9,7,6,0.01650370174372224,0.0164131039362768,0.7401654683344824,77
entropy,best,,26,10,7,7,0.01650370174372224,0.017596126728552985,0.8089727174234216,77
entropy,best,,25,10,6,6,0.0158104804070306,0.0164131039362768,0.8019994090416626,77
entropy,best,log2,26,9,7,6,0.01650370174372224,0.017596126728552985,0.7401654683344824,77
entropy,best,,27,10,7,6,0.01650370174372224,0.014665459868666672,0.8117896188318724,78
entropy,best,,26,10,7,6,0.01650370174372224,0.017596126728552985,0.8117896188318724,78
entropy,random,,27,11,7,6,0.01650370174372224,0.017596126728552985,0.792169802028957,78
entropy,random,,26,9,7,6,0.01650370174372224,0.017596126728552985,0.792169802028957,78
gini,best,,26,9,7,5,0.01650370174372224,0.017596126728552985,0.7907613513247316,79
entropy,best,,27,10,7,7,0.01650370174372224,0.017596126728552985,0.8089727174234216,79
entropy,best,,27,9,7,6,0.01650370174372224,0.022900209090613213,0.8019994090416626,79
entropy,best,,27,10,7,6,0.02663658323378752,0.017596126728552985,0.7949867034374076,79
entropy,best,,27,10,7,6,0.022895236120969255,0.017596126728552985,0.8019994090416626,79
entropy,best,log2,26,9,7,6,0.018659688752060775,0.017596126728552985,0.7401654683344824,79
entropy,random,log2,26,9,7,6,0.01866459339998391,0.017596126728552985,0.779434649857185,80
gini,best,sqrt,26,9,7,6,0.01650370174372224,0.015582980461609807,0.6643258150300404,80
entropy,best,,26,9,7,6,0.018122906880091005,0.010864488079883494,0.8019994090416626,80
entropy,best,sqrt,26,9,7,6,0.01650370174372224,0.017596126728552985,0.7134738500935683,80
entropy,best,,26,9,7,7,0.01650370174372224,0.017596126728552985,0.8089727174234216,80
entropy,best,,25,10,7,6,0.01650370174372224,0.021948793110916333,0.8019994090416626,80
entropy,best,sqrt,27,9,6,6,0.01650370174372224,0.018404750068395336,0.7134738500935683,80
entropy,random,,26,9,6,6,0.01650370174372224,0.017596126728552985,0.792169802028957,81
gini,best,,26,9,7,6,0.01650370174372224,0.017596126728552985,0.7907613513247316,81
entropy,best,,25,10,7,6,0.01650370174372224,0.016603918677143028,0.8117896188318724,81
gini,best,,26,10,7,6,0.020901573192869012,0.017596126728552985,0.7907613513247316,81
entropy,best,,26,8,7,6,0.01650370174372224,0.017596126728552985,0.8117896188318724,81
gini,random,,25,9,6,6,0.01741174796334906,0.017596126728552985,0.779434649857185,81
gini,best,,26,9,7,5,0.014593565512569615,0.016270766775362926,0.7949867034374076,82
entropy,best,,27,8,7,7,0.01650370174372224,0.017596126728552985,0.8089727174234216,82
entropy,best,,26,10,6,6,0.01650370174372224,0.017596126728552985,0.8019994090416626,82
gini,best,,26,8,7,5,0.01650370174372224,0.018775248878793335,0.7907613513247316,82
gini,random,,26,9,6,6,0.014640063197225451,0.017596126728552985,0.7823106470993795,82
entropy,best,,26,9,8,6,0.01650370174372224,0.02137202899223825,0.7992022062444597,82
entropy,best,sqrt,26,8,7,6,0.01599176697257791,0.017596126728552985,0.7134738500935683,83
entropy,best,,26,9,7,6,0.020467143938138494,0.02262118236759884,0.8019994090416626,83
entropy,random,,26,9,6,6,0.01650370174372224,0.01883765919802124,0.792169802028957,83
entropy,best,,26,7,7,6,0.01650370174372224,0.01496998572907093,0.8117896188318724,83
entropy,best,,25,8,7,6,0.01650370174372224,0.017596126728552985,0.8117896188318724,83
entropy,best,,26,10,7,5,0.020390253668894572,0.017596126728552985,0.7992022062444597,83
entropy,best,,26,7,7,6,0.01650370174372224,0.017596126728552985,0.8117896188318724,83
entropy,best,,26,7,7,6,0.01650370174372224,0.015431282789380647,0.8117896188318724,84
entropy,best,,25,8,8,6,0.01650370174372224,0.017596126728552985,0.8089924160346695,84
entropy,best,,26,7,8,6,0.01650370174372224,0.017596126728552985,0.8089924160346695,84
entropy,best,,25,8,7,6,0.013230912969426245,0.017596126728552985,0.8117896188318724,84
entropy,best,sqrt,26,7,7,6,0.01650370174372224,0.017596126728552985,0.7134738500935683,84
gini,best,,25,8,8,6,0.01650370174372224,0.017596126728552985,0.7907613513247316,84
entropy,best,,26,7,7,6,0.01879358488659948,0.015273752484428929,0.8019994090416626,84
entropy,best,,25,8,7,6,0.01650370174372224,0.01784582909318295,0.8019994090416626,85
entropy,best,,25,8,7,6,0.01855748844257652,0.017596126728552985,0.8019994090416626,85
entropy,best,log2,25,8,7,6,0.013230912969426245,0.017596126728552985,0.7401654683344824,85
entropy,best,sqrt,24,8,7,6,0.013230912969426245,0.017596126728552985,0.7134738500935683,85
entropy,best,,26,8,7,6,0.01731282020435315,0.017596126728552985,0.8117896188318724,85
entropy,best,,25,7,7,6,0.01650370174372224,0.017596126728552985,0.8117896188318724,85
entropy,best,,25,8,7,7,0.013335744879788496,0.017596126728552985,0.8089727174234216,85
entropy,best,log2,25,7,7,6,0.023738596301913543,0.017596126728552985,0.7401654683344824,86
entropy,best,,26,8,7,6,0.01650370174372224,0.02149478840102235,0.8019994090416626,86
entropy,best,,26,8,7,5,0.023710669651307872,0.017596126728552985,0.7992022062444597,86
entropy,best,,26,7,7,6,0.01650370174372224,0.020296306779031936,0.8019994090416626,86
entropy,best,,25,7,7,5,0.01731282020435315,0.017596126728552985,0.7992022062444597,86
gini,best,,27,8,7,5,0.015499085736172365,0.017596126728552985,0.7949867034374076,86
entropy,best,,26,8,7,6,0.016643239013718968,0.019956231902133727,0.8019994090416626,86
entropy,best,,25,7,7,6,0.01486122544366163,0.017596126728552985,0.8117896188318724,86
entropy,best,,25,7,7,6,0.01731282020435315,0.017596126728552985,0.8117896188318724,87
entropy,best,sqrt,25,8,7,7,0.01486122544366163,0.017596126728552985,0.7134738500935683,87
gini,best,log2,25,7,7,6,0.01731282020435315,0.017596126728552985,0.7009455333398995,87
gini,best,,26,8,7,5,0.01486122544366163,0.017596126728552985,0.7949867034374076,87
entropy,best,,26,8,6,6,0.017967317203351894,0.013574563291490892,0.8019994090416626,87
entropy,best,sqrt,25,6,7,6,0.01486122544366163,0.017596126728552985,0.7134738500935683,87
entropy,random,,26,7,7,6,0.017939762891886427,0.017596126728552985,0.792169802028957,87
entropy,best,,25,8,7,6,0.01486122544366163,0.017596126728552985,0.8117896188318724,87
entropy,random,,25,8,7,6,0.008680645857122339,0.017596126728552985,0.792169802028957,88
entropy,best,log2,27,8,7,6,0.01731282020435315,0.021886593920914958,0.7401654683344824,88
entropy,best,,25,8,7,6,0.015253343384232943,0.017596126728552985,0.8117896188318724,88
entropy,best,,25,8,7,6,0.01731282020435315,0.017596126728552985,0.8117896188318724,88
entropy,random,,25,7,7,6,0.01486122544366163,0.017596126728552985,0.792169802028957,88
entropy,best,log2,25,9,7,6,0.014386243116675424,0.017596126728552985,0.7401654683344824,88
entropy,best,,25,8,7,6,0.01731282020435315,0.015609163811149991,0.8117896188318724,89
entropy,best,,26,8,7,6,0.012343132297511583,0.017596126728552985,0.8117896188318724,89
entropy,best,,26,8,8,6,0.01731282020435315,0.01938381054021362,0.7992022062444597,89
gini,best,,26,8,7,6,0.01731282020435315,0.017596126728552985,0.7907613513247316,89
entropy,best,,26,8,7,6,0.014973944679169607,0.017596126728552985,0.8117896188318724,89
gini,best,,25,8,7,6,0.018891551040660672,0.017596126728552985,0.7907613513247316,89
gini,best,,26,8,7,6,0.016333884262747355,0.017596126728552985,0.7907613513247316,90
gini,best,,25,8,7,6,0.012295544820217693,0.017596126728552985,0.7949867034374076,90
gini,best,,25,7,7,7,0.01731282020435315,0.017596126728552985,0.7907613513247316,90
entropy,best,log2,27,8,7,7,0.014973944679169607,0.017596126728552985,0.7401654683344824,90
entropy,best,,26,7,7,6,0.01731282020435315,0.017596126728552985,0.8117896188318724,90
entropy,best,sqrt,26,8,7,6,0.01731282020435315,0.017596126728552985,0.7134738500935683,90
entropy,random,,25,7,7,6,0.014973944679169607,0.017596126728552985,0.792169802028957,90
entropy,best,,26,8,7,6,0.015806432821826078,0.017596126728552985,0.8117896188318724,91
entropy,best,,27,7,7,6,0.01731282020435315,0.017596126728552985,0.8117896188318724,91
entropy,best,log2,26,8,7,6,0.014973944679169607,0.015145491725233199,0.7401654683344824,91
entropy,random,log2,26,8,7,6,0.01731282020435315,0.014567427773328995,0.779434649857185,91
gini,best,,26,7,7,6,0.01731282020435315,0.017596126728552985,0.7907613513247316,91
entropy,best,,26,8,7,6,0.015622793969890999,0.013865439681788605,0.8117896188318724,91
entropy,best,sqrt,26,6,7,6,0.014973944679169607,0.017596126728552985,0.7134738500935683,91
entropy,best,sqrt,26,9,7,6,0.01731282020435315,0.017596126728552985,0.7134738500935683,91
entropy,best,sqrt,25,8,7,6,0.01539725467892899,0.013865439681788605,0.7134738500935683,92
entropy,random,,26,8,7,6,0.014973944679169607,0.017596126728552985,0.792169802028957,92
entropy,random,,26,8,7,6,0.014973944679169607,0.013865439681788605,0.792169802028957,92
entropy,best,,26,8,7,6,0.015622793969890999,0.017596126728552985,0.8117896188318724,92
gini,best,,26,7,8,6,0.02329137486885382,0.013865439681788605,0.7907613513247316,92
entropy,best,,26,8,7,6,0.014973944679169607,0.016942052065972765,0.8117896188318724,92
entropy,best,,25,8,7,6,0.014839442131122586,0.013865439681788605,0.8019304639022948,92
entropy,best,,26,8,7,6,0.014973944679169607,0.016555354390146645,0.8117896188318724,92
entropy,best,,25,8,7,6,0.014973944679169607,0.016942052065972765,0.8117896188318724,93
entropy,best,,27,9,7,6,0.012306090357339906,0.016555354390146645,0.8117896188318724,93
entropy,best,,27,8,6,6,0.014973944679169607,0.016555354390146645,0.8019994090416626,93
entropy,best,,26,8,8,6,0.014973944679169607,0.016942052065972765,0.8089924160346695,93
entropy,random,,26,8,7,6,0.014973944679169607,0.016555354390146645,0.792169802028957,93
entropy,best,,27,8,7,7,0.014973944679169607,0.016942052065972765,0.8089727174234216,93
entropy,best,,25,8,7,6,0.014973944679169607,0.016555354390146645,0.8117896188318724,93
entropy,best,,26,8,7,6,0.014973944679169607,0.017966642190252985,0.8019994090416626,94
entropy,best,,25,8,7,6,0.017536407592910995,0.016942052065972765,0.8117896188318724,94
entropy,best,,26,8,7,6,0.014973944679169607,0.012660274875933228,0.8019304639022948,94
entropy,best,log2,26,8,7,6,0.015710783291840252,0.01816001995336776,0.7401654683344824,94
entropy,best,,25,8,7,7,0.014973944679169607,0.016555354390146645,0.8089727174234216,94
gini,random,,25,8,7,6,0.014973944679169607,0.016942052065972765,0.7780852949867034,94
entropy,best,,26,8,6,6,0.014973944679169607,0.016555354390146645,0.8019994090416626,95
entropy,best,,26,8,7,6,0.017536407592910995,0.016942052065972765,0.8117896188318724,95
entropy,best,,25,8,7,6,0.014995460375163491,0.016555354390146645,0.8117896188318724,95
entropy,best,,26,8,7,6,0.017536407592910995,0.019719744304756814,0.8019994090416626,95
entropy,best,,26,8,7,6,0.014973944679169607,0.018562870764658942,0.8019994090416626,95
entropy,best,,25,8,7,6,0.017549158492425238,0.016942052065972765,0.8117896188318724,95
entropy,best,log2,26,9,8,6,0.014973944679169607,0.015613354787636402,0.7401654683344824,95
entropy,best,,24,7,7,6,0.012280407050893841,0.016942052065972765,0.8117896188318724,96
entropy,best,,26,8,7,6,0.01823567991029966,0.016942052065972765,0.8019994090416626,96
gini,best,,27,8,7,6,0.01799598146270078,0.016942052065972765,0.7907613513247316,96
entropy,best,,25,8,7,6,0.021600892020478674,0.016942052065972765,0.8019994090416626,96
entropy,best,,26,7,7,6,0.017536407592910995,0.016942052065972765,0.8117896188318724,96
entropy,best,log2,25,8,7,6,0.017549158492425238,0.016942052065972765,0.7401654683344824,96
entropy,best,,25,8,6,7,0.017806186977954292,0.016942052065972765,0.7991825076332117,96
entropy,random,,26,8,7,7,0.01671169935641814,0.016942052065972765,0.7977740569289866,96
entropy,best,log2,25,8,7,6,0.017536407592910995,0.012690888787011315,0.7401654683344824,97
entropy,best,sqrt,27,7,7,6,0.016117852377949674,0.016942052065972765,0.7134738500935683,97
entropy,best,,26,7,7,6,0.017549158492425238,0.018490098594128555,0.8019994090416626,97
entropy,best,,26,6,7,6,0.014711275982277072,0.01806723485872557,0.8019994090416626,97
entropy,best,,25,8,7,6,0.014818752057963243,0.016942052065972765,0.8117896188318724,97
gini,best,,25,8,7,6,0.017536407592910995,0.016942052065972765,0.7907613513247316,97
entropy,best,,26,7,7,6,0.017549158492425238,0.01660938706709663,0.8117896188318724,97
gini,best,,25,8,7,6,0.014818752057963243,0.016942052065972765,0.7949867034374076,98
entropy,random,sqrt,26,6,7,6,0.014023190176295029,0.016942052065972765,0.6643258150300404,98
entropy,random,,25,8,7,6,0.017549158492425238,0.01660938706709663,0.792169802028957,98
entropy,random,,25,9,7,6,0.014818752057963243,0.016942052065972765,0.792169802028957,98
entropy,best,,26,7,7,5,0.017549158492425238,0.01660938706709663,0.7992022062444597,98
entropy,best,,25,7,7,5,0.014228010833248407,0.016942052065972765,0.7992022062444597,98
entropy,best,,26,6,6,7,0.01474338540205489,0.01660938706709663,0.8089727174234216,98
entropy,best,,26,7,6,6,0.01724694641019342,0.016942052065972765,0.8019994090416626,99
gini,best,,25,8,7,6,0.014818752057963243,0.01660938706709663,0.7949867034374076,99
entropy,best,log2,25,9,7,6,0.014818752057963243,0.016942052065972765,0.7401654683344824,99
entropy,best,,26,7,7,7,0.017549158492425238,0.018431206651779858,0.8019994090416626,99
gini,best,,26,7,7,6,0.014818752057963243,0.020929220968569858,0.7907613513247316,99
entropy,best,,26,8,7,6,0.017418652623934012,0.01660938706709663,0.8117896188318724,99
entropy,best,sqrt,25,8,7,6,0.014818752057963243,0.015970944589281576,0.7134738500935683,99
